ticker,company_name,sector,industry,log_revenue,revenue_cagr_3y,gross_margin,gross_margin_vol_3y,operating_margin,operating_margin_vol_3y,fcf_margin,capex_to_revenue,interest_to_revenue,de_ratio,beta,market_cap_log,pe,pb,ev_ebitda,label,note
GOOG,Alphabet Inc.,,,11.649205330057036,0.14476526748864993,0.6089641081309001,0.02125576040566249,0.39609667457724734,0.13989055447607815,0.11948181856921458,0.2969540244063813,0.0,0.14277870757227312,1.2962816455900557,12.64079508405685,33.08736589241129,10.531003455624722,24.359650632547122,MatureTech,
META,"Meta Platforms, Inc.",,,11.358405078026674,0.22054023378631182,0.8174784334514802,0.006442381653585055,0.4333917180020501,0.09114723720532518,0.1795248130314966,0.3913523507428356,0.0,0.38618965858508675,1.669692079207197,12.279484684603862,31.479723444374606,8.760701702701583,18.457759405181957,MatureTech,
MSFT,Microsoft Corporation,,,11.520927425960345,0.16351655569183898,0.6794409337058032,0.010796776282370057,0.5092379135665187,0.060119232945097745,0.20186596512164032,0.34941040685392616,0.0,0.12845314170624364,1.2846345232846688,12.58504123087652,28.7574707848283,8.69438514242055,18.70755911506898,MatureTech,
NVDA,NVIDIA Corporation,,,11.48139819346041,0.8826841275109014,0.7467463667900016,0.022040186335722637,0.656248552825348,0.07000705813256458,0.41920460509161,0.024273110450244086,0.0,0.07018748450344262,1.9737816169749425,12.761140173216793,48.05255823993271,36.68012251145314,39.91616518757264,Semiconductor,
AAPL,Apple Inc.,,,11.669152245246105,0.04200493918237114,0.4865291555900202,0.025751036714302865,0.31970799762591884,0.029710019136290046,0.2927940568480987,0.021509222981729692,0.0,1.3380304612588665,0.6967879711657964,12.725924815075395,47.49720103785376,72.15441509568308,37.18797142792992,MatureTech,
GOOGL,Alphabet Inc.,,,11.649205330057036,0.14476526748864993,0.6089641081309001,0.02125576040566249,0.39609667457724734,0.13989055447607815,0.11948181856921458,0.2969540244063813,0.0,0.14277870757227312,1.3398495392668661,12.6447960705118,33.39359536959976,10.628469772314064,24.583639553287806,MatureTech,
AMZN,"Amazon.com, Inc.",,,11.87085786270916,0.11682170739003106,0.5060408521546199,0.02777154932203335,0.13890593703098236,0.2610138699643454,-0.0033280558337910756,0.20329547535192305,0.0,0.37217228418863196,1.6555023276355303,12.410957295857692,33.16683198146003,6.266813861554743,15.980578561881202,ConsumerCyclical,
AVGO,Broadcom Inc.,,,10.949897200545683,0.33551730271163116,0.687702011133058,0.03830028775010355,0.40601374301501086,0.21744546330125344,0.44221359310468666,0.01402855090680553,0.0,0.8012596565467697,1.7536484698585857,12.171575872130532,64.19117875983741,18.261147468385573,44.173624474275506,MatureTech,
ADBE,Adobe Inc.,,,10.414471949629302,0.10663365867426688,0.8925298421255294,0.006882861198070722,0.37851823804114604,0.05567775299257269,0.4078552175587216,0.00824027724297266,0.0,0.5719693710745934,1.1105434550713438,11.040652886202375,15.401511921458624,9.447886087929106,11.312254712175243,MatureTech,
CRM,"Salesforce, Inc.",,,10.642840284520494,0.09146500904365396,0.772816241066958,0.012167152186760075,0.2147381095725467,0.09115746002536984,0.34489507943010606,0.013564568255268788,0.0,0.29041966791789253,0.8523869756660725,11.362163592345636,30.874465602789325,3.8928492441919444,19.132920784188716,SaaS,
AMD,"Advanced Micro Devices, Inc.",,,10.616002626498412,0.23583686988187713,0.5320421256506476,0.03235048904815896,0.12330032622188863,0.5165921842309679,0.2034378404551507,0.040600411572448855,0.0,0.0610644613406562,3.3672022115368274,12.009392640338325,200.0,16.22030381434626,100.0,Semiconductor,
ORCL,Oracle Corporation,,,10.855985302552904,0.12775115249721636,0.639578137843599,0.035363212428541936,0.3585818845851211,0.09283996708911245,-0.40012817476350365,1.0,0.0,3.674343652959443,2.543761347860309,11.58665469384588,22.593778896236905,9.082052790063047,15.276703441265287,MatureTech,
CSCO,"Cisco Systems, Inc.",,,10.801575198462585,0.08488662028220695,0.645242795104619,0.002609547057926022,0.27602052901697594,0.08564297343553899,0.20161073825503356,0.022266087643110936,0.0,0.5873123197772696,1.2033969464843295,11.659160231222163,34.38646265169217,9.072391369195586,23.90330186322993,MatureTech,
QCOM,QUALCOMM Incorporated,,,10.64413319574683,0.11188694298521917,0.5422632689645783,0.005840041283370475,0.300943907506097,0.11626162868596512,0.2363566225691529,0.0450430007488257,0.0,0.6984344053569744,2.467796735705287,11.316472053816154,37.401059375563975,9.772671413750826,14.50400361712104,MatureTech,
INTC,Intel Corporation,,,10.756118601704934,-0.012759352892456999,0.38604643007434425,0.0865662427344579,0.05010122415000095,2.9537476522577206,0.049638799270584934,0.21224926357132837,0.0,0.4076355649670549,3.8861416031187566,11.693435161519512,0.0,4.319775028219913,36.644016302076075,MatureTech,
NFLX,"Netflix, Inc.",,,10.684582946978363,0.15750450762990087,0.4911787210969006,0.06347422821425139,0.2987639431754874,0.1506596807645107,0.2305525916439939,0.016928159331946874,0.0,0.5433992418249104,0.7803895702587217,11.475161861766807,27.19643761967384,11.220893187665768,10.050654516155337,Bank,
DELL,Dell Technologies Inc.,,,11.179543174125694,0.13313873497717954,0.19798673254098956,0.07129414308960624,0.07770966548644508,0.08739337894674405,0.05661487992486623,0.02375708512735041,0.0,0.0,2.215815909893806,11.605050990398324,67.8511320754717,0.0,35.66818427269659,MatureTech,
HPQ,HP Inc.,,,10.772042847107851,0.014572329874516399,0.19874243602312294,0.028029575066561684,0.05828736775476987,0.08927657729148597,0.06559954024542781,0.01330245765863223,0.0,0.0,1.314867920386247,10.498001612299138,12.44665875840253,0.0,9.342739792220343,MatureTech,
TXN,Texas Instruments Incorporated,,,10.288986586791628,0.004641321083683536,0.5832519405747185,0.04290226636945166,0.3536364664630698,0.09581055189735406,0.27527887729399064,0.17025651570451858,0.0,0.8632704479813188,1.9023113379590468,11.42517998913105,53.22591481703659,16.357328089473363,33.56832283082889,MatureTech,
AMAT,"Applied Materials, Inc.",,,10.489072120779062,0.03431343242842333,0.49398449914064274,0.01706693145947112,0.3362944162436548,0.04899196643590232,0.18234588319226902,0.08992444141777735,0.0,0.3453343130051433,1.1847568528814827,11.658768375218825,65.13200342955129,22.32641489101151,45.67446215538847,MatureTech,
IBM,International Business Machines Corporation,,,10.839459191922257,0.04487108157399122,0.5809948333502178,0.019746874461542704,0.18157723288320304,0.16906797834216197,0.1902253353980636,0.025239880168458833,0.0,1.978896103896104,1.2777447340307189,11.30477547828325,19.04392691015576,6.179009977924528,14.623485174686415,MatureTech,
MU,"Micron Technology, Inc.",,,10.955562686277625,0.5508954527229439,0.7256906750559408,1.1447725566650289,0.2710417892878163,3.0,0.2899173626957928,0.2798147860956643,0.0,0.28206406350964647,3.7877625145422344,12.070381344539879,137.7128071202717,21.710138650420014,63.92715792890765,MatureTech,
LRCX,Lam Research Corporation,,,10.366099497554028,0.24847006944064542,0.5046900724797688,0.026414387864317105,0.3623926889223762,0.07034322916080507,0.21053317545234754,0.041596775922202726,0.0,0.29946168370403436,1.7969623308535894,11.665762686297885,63.75340660027341,37.141903577129554,52.06577864074602,MatureTech,
KLAC,KLA Corporation,,,10.132883011866488,0.1764061058247275,0.6130145227989652,0.009217902000429028,0.43376968301280544,0.07987911567576321,0.2774137971155883,0.02768479431754215,0.0,0.9688011628676089,1.1247823341268217,11.451666834613807,58.5666501268638,44.55592048278534,45.73651470010469,MatureTech,
NOW,"ServiceNow, Inc.",,,10.168261710182875,0.21659465421713642,0.7476920988324736,0.008670815728886444,0.17201385750866094,0.27742477669982335,0.3102769481401032,0.05002715177844149,0.0,0.1853594569577291,1.0296726729045746,11.134548158564455,77.98421956521739,10.51499659055847,44.67022362673726,MatureTech,
SNOW,Snowflake Inc.,,,9.735171340339352,0.29188622530141495,0.670304437436323,0.008992990535311133,-0.27831490798570263,0.10073556096760032,0.21960653562227686,0.010997770416367429,0.0,1.42461990060818,2.336610409901321,11.042417740785176,0.0,57.30462168845519,0.0,MatureTech,
CRWD,"CrowdStrike Holdings, Inc.",,,9.73208361109879,0.2549256098806152,0.7524562442262023,0.0026994032895849293,-0.020566894672802708,1.803668677207201,0.28216495294325855,0.09154905956011189,0.0,0.18518626408243177,1.9925631858689041,11.381323350250971,0.0,54.33472694139405,100.0,MatureTech,
ZS,"Zscaler, Inc.",,,9.525371766013217,0.24359561482845615,0.7680466323422688,0.007032356673046261,-0.004030099122362471,0.37640407050823643,0.23240496784063824,0.1045514079992889,0.0,0.714256189043364,1.1738759236962737,10.461399852391681,0.0,11.135688600952715,100.0,SaaS,
FTNT,"Fortinet, Inc.",,,9.87664499470799,0.13215835313380664,0.8020432021680793,0.022806414623827244,0.33859344667333374,0.13329212363188694,0.4140872014241305,0.03707787549485878,0.0,0.8050909090909091,1.1933213555936344,11.150487569799424,76.29892359987049,100.0,57.00746648738948,MatureTech,
PANW,"Palo Alto Networks, Inc.",,,10.059941888061955,0.195898476278908,0.7035714285714286,0.023455999087111053,0.046689895470383276,0.4545926370649643,0.3582752613240418,0.03832752613240418,0.0,0.09093554488578495,1.0422271841250919,11.395567126460989,200.0,9.044004946893642,100.0,MatureTech,
NET,"Cloudflare, Inc.",,,9.400080141625773,0.29299259506615005,0.7257651203056898,0.015265770412975437,-0.03871883730938676,0.6283269502664063,0.125330069456883,0.12679562958982626,0.0,2.41126142210081,1.2440261927084744,11.061539630907204,0.0,78.96737973426504,100.0,SaaS,
DDOG,"Datadog, Inc.",,,9.598432093309466,0.2689503250609506,0.7951226767673585,0.004763257724856439,0.040289942862278307,0.4100646424864029,0.2704419892984767,0.039393958492207046,0.0,0.34269410638105186,2.0353843582046065,10.946873622319853,200.0,23.708714973519687,100.0,SaaS,
SPLK,SPLK (Synthetic Demo),Technology,Consumer Electronics,11.583521823312012,0.02359691836285105,0.6,0.0,0.2982141226502472,0.008990837819635502,0.2594909792973897,0.028918428845376157,0.010261293815307148,1.7419354838709677,1.28,12.438320794186449,29.5,45.2,23.8,SaaS,
TEAM,Atlassian Corporation,,,9.817717907709783,0.22796304508917742,0.8483287758273045,0.016184025307109745,0.010878978891433572,2.3580972926488855,0.20070209734540742,0.005182349944646538,0.0,1.164834728780604,2.253991701458557,10.684793508298037,0.0,45.722128886268685,100.0,MatureTech,
MDB,"MongoDB, Inc.",,,9.444477312744874,0.2099264859979062,0.7268771763386841,0.016882016137961257,-0.021334144006182325,0.49483978094006265,0.23682158424878808,0.0027321697445351215,0.0,0.01112974781513624,2.3290705531807947,10.398352592590545,0.0,8.475856086748287,0.0,SaaS,
SHOP,Shopify Inc.,,,10.122838194089267,0.27938547571379835,0.4776546838495742,0.0196952250200724,0.16311872620283835,0.64078518047208,0.1772552566131585,0.0018840907378099329,0.0,0.01395383359311215,1.6255453943239369,11.285651164094721,156.81698912001625,14.328042277647144,100.0,SaaS,
HUBS,"HubSpot, Inc.",,,9.537693068448416,0.20117725467965308,0.8324754515730506,0.006153031720855955,0.022463438110974922,3.0,0.19074867809471677,0.05754510221661415,0.0,0.12694773705331994,1.034058834550364,10.023603170710143,200.0,5.1100078257940496,48.09753482001994,MatureTech,
WDAY,"Workday, Inc.",,,10.006679927740825,0.14711975422856205,0.7579517479074348,0.0010704157794760893,0.11756700167504187,0.23865914211104394,0.2800590841949778,0.023338257016248153,0.0,0.48955797565663034,0.7099536403828165,10.691216559521761,70.87340935064935,6.2927959871876995,34.98998141496599,MatureTech,
COIN,"Coinbase Global, Inc.",,,9.79815821199034,0.5199700421758375,0.7274477340935801,0.07468938076405303,0.22384142202170215,0.8186476467203347,0.27275185615750247,0.0,0.0,0.5294009527982653,4.066481992626241,10.625811068123404,33.52183838003946,2.8559664945544054,21.601623358906313,SaaS,
UBER,"Uber Technologies, Inc.",,,10.742151452442721,0.18121478456071927,0.4230539410071161,0.00427449774047227,0.11996078205202147,0.16601510516601334,0.18317127491987614,0.005576982273163489,0.0,0.44672904108575867,1.1030662584313682,11.135430514865561,13.58735217944892,5.0513535542324615,20.261721977959066,ConsumerCyclical,
SQ,SQ (Synthetic Demo),Technology,Consumer Electronics,11.583521823312012,0.02359691836285105,0.6,0.0,0.2982141226502472,0.008990837819635502,0.2594909792973897,0.028918428845376157,0.010261293815307148,1.7419354838709677,1.28,12.438320794186449,29.5,45.2,23.8,SaaS,
ABNB,"Airbnb, Inc.",,,10.119222886923584,0.1110108298443635,0.8290143627935254,0.0012632072016462428,0.207826157993628,0.16408857184287046,0.3693289763659853,0.0,0.0,0.25210391511159896,0.7239884810638111,11.01069560355325,40.81773397052967,12.500711062324674,38.52214229559748,SaaS,
DASH,"DoorDash, Inc.",,,10.20115122765526,0.2603709897673516,0.514127493549808,0.03415982243177075,0.052854122621564484,3.0,0.13460449310930717,0.043483732930589644,0.0,0.3279178710256155,1.4512876457773174,10.869505940869564,79.19437395721924,7.380318912588458,49.56436117527174,ConsumerCyclical,
PYPL,"PayPal Holdings, Inc.",,,10.533110838105353,0.0555750511719888,0.457542194092827,0.005694163038967259,0.20297238634993364,0.04995187701573065,0.19297937177684013,0.02604899203000469,0.0,0.49303909952606634,0.6939524130055962,10.778012253908813,11.462029428626026,2.9611374407582938,8.04558212058212,SaaS,
LYFT,"Lyft, Inc.",,,9.830713037434135,0.19764097099250333,0.45516195582978525,0.009171031762039449,-0.0051441826105666,1.575996228748022,0.16425517122939234,0.012220133701735943,0.0,0.3900180325600278,2.4533232827481517,9.75759309564763,2.012158937133792,1.748145992705718,57.11120956324525,ConsumerCyclical,
BKNG,Booking Holdings Inc.,,,10.45088007080727,0.12243675277636479,0.0,0.0,0.3138908496489208,0.0828800544947376,0.33777132537799653,0.011331043518289013,0.0,0.0,0.6455222608392326,11.17760643514529,27.854225987231683,0.0,16.557907913095367,ConsumerCyclical,
TRIP,"Tripadvisor, Inc.",,,9.25244037654914,0.02839985607841422,0.9218251971145781,0.004453157961924522,0.05711263881544157,0.20550325248864473,0.07426047083822625,0.03925515853044791,0.0,1.9395348837209303,0.36470665299677946,9.078676923733553,29.96518286825,1.8583059143100775,7.058918736177644,ConsumerCyclical,
EXPE,"Expedia Group, Inc.",,,10.195899652409233,0.07122326207111196,0.9043312101910828,0.011207047106976111,0.12828344532681735,0.12324052125436434,0.2840127388535032,0.04821656050955414,0.0,4.996105919003115,0.3735546634153683,10.608731365671277,31.390417310664606,31.634890965732087,14.987828592005762,ConsumerCyclical,
ROKU,"Roku, Inc.",,,9.716763528461417,0.16596509121097047,0.45503992044706293,0.001929290392654048,0.020223543147703173,1.355633769998826,0.13628162968338162,0.001752890608952393,0.0,0.19689045484387374,1.2743732680484308,10.329168253451018,200.0,8.028275427068657,46.45928311675217,Unknown,
TTD,"The Trade Desk, Inc.",,,9.475691232222585,0.21993239661434116,0.7687227144700345,0.013943263369693199,0.2034748664150339,0.26335780274624515,0.2838119845973664,0.0779351989774385,0.0,0.1756285544425173,2.20330227042246,9.767978582898653,13.221384422427949,2.3591667334167608,7.997741612951263,SaaS,
PINS,"Pinterest, Inc.",,,9.65855702396901,0.17553746957119865,0.7947310194656388,0.014063021727004616,0.07576993235296973,1.788743838372389,0.2810541473137067,0.011714723468518698,0.0,0.05521704074695516,1.323287908203162,10.119205411821474,31.56606138825251,2.77298430974379,36.086723395375536,SaaS,
PLTR,Palantir Technologies Inc.,,,9.78929444879797,0.4182473537280267,0.8479613433592037,0.011380881702024023,0.3159495165398041,0.7083317189240336,0.5455334935796168,0.0068257639246380045,0.0,0.031045035864408873,1.3797392158441146,11.597914916513085,200.0,53.63287297144222,100.0,SaaS,
PATH,"UiPath, Inc.",,,9.235745035138272,0.10961992747096372,0.8255161088247839,0.01187447529386676,0.0352421375759668,1.0753620603069778,0.2109162987300521,0.00597899419940518,0.0,0.03901205567882638,1.2509981350168187,9.863487180340456,25.866052350086775,3.5065822268169344,88.3350046792985,SaaS,
U,Unity Software Inc.,,,9.307155742939784,-0.08042177389529626,0.6485340734861296,0.04884409041222031,-0.20068196759599663,0.2388583468890821,0.2639451590161752,0.009047480538944296,0.0,0.690470100993627,1.546197057224231,10.212739772536066,0.0,5.041260242686178,100.0,MatureTech,
ZM,"Zoom Communications, Inc.",,,9.6983659150668,0.03703542787023584,0.7729888545077658,0.006696940780448764,0.23078379771149543,0.2697081730006048,0.3855625319193679,0.0150358999008622,0.0,0.0059618129947234255,1.0387483166790359,10.436007773688607,14.362179318663598,2.782376473783622,20.753371611124553,SaaS,
SNAP,Snap Inc.,,,9.802847856794378,0.13478330738964406,0.5733344103148376,0.009021202646656259,-0.05549033819235003,0.612658978684509,0.11109048471095642,0.03361851299715135,0.0,1.8159719832828913,1.1788586622529071,9.943662655235807,0.0,3.849844018943719,0.0,ConsumerCyclical,
ASAN,"Asana, Inc.",,,8.91809694447778,0.10088863595586894,0.8755625646790891,0.005088769128725977,-0.22890443421016027,0.20414106623438763,0.13520510742917452,0.02183843782415016,0.0,1.6183678633765257,0.9866851540071214,9.266514752074105,0.0,11.98572214278762,0.0,SaaS,
DOCU,"DocuSign, Inc.",,,9.526493191996158,0.07967154328596293,0.7948727102982246,0.0014875202502027118,0.10867339649013821,0.3929782238456529,0.356507856887633,0.03731950966190258,0.0,0.09652574277043727,0.47408225255447917,10.144056950414619,45.07949282559814,7.265225641613916,29.007247566825125,SaaS,
FUV,FUV (Synthetic Demo),Technology,Consumer Electronics,11.583521823312012,0.02359691836285105,0.6,0.0,0.2982141226502472,0.008990837819635502,0.2594909792973897,0.028918428845376157,0.010261293815307148,1.7419354838709677,1.28,12.438320794186449,29.5,45.2,23.8,Unknown,
HOOD,"Robinhood Markets, Inc.",,,9.693023067923694,0.5486740847936753,0.814882400648824,0.06270486324169741,0.46814218645204553,1.8577689545003921,0.036090835360908353,0.013584752635847526,0.0,1.2719912472647703,4.2591038991920245,11.002808653589852,53.45130754887944,11.011905045354485,49.54762023602752,SaaS,
RIVN,"Rivian Automotive, Inc.",,,9.769598848387446,0.10223867002632336,0.075131735509094,0.8840884031544404,-0.621124930387971,0.2526692485106568,-0.5930647628760837,0.27944926058133607,0.0,1.4566360052562417,0.7505148699755217,10.121947024146996,0.0,2.900087604029786,0.0,SaaS,
LCID,"Lucid Group, Inc.",,,9.18952456181681,0.508058844982844,-0.5,0.4027395063052185,-1.0,0.3426293308107384,-1.0,0.6665589397604067,0.0,4.456665184228907,-0.7694861915317139,8.878238483072336,0.0,1.0532840878058574,0.0,SaaS,
MSTR,Strategy Inc,,,8.697531848194698,-0.019358743939378642,0.6760088853750499,0.051877402063378264,-1.0,0.8985962897499707,-1.0,1.0,0.0,0.16135992238069524,4.045236942432886,10.266691506559312,0.0,0.3620391637853689,0.0,ConsumerCyclical,
NVST,Envista Holdings Corporation,,,9.455834228396569,0.029375665472171963,0.5523892875897077,0.01243426692498116,0.0786173929031072,1.958124803075015,0.0868545422720112,0.0190792928408892,0.0,0.5143418214596144,0.7174247798941406,9.583048162197352,81.46110638297873,1.2325506229275986,11.562886145404663,Conglomerate,
NDAQ,"Nasdaq, Inc.",,,9.942057683841394,0.16724762517199276,0.4330933607587704,0.019618108151971087,0.3024691358024692,0.07821462743001338,0.22294594903439607,0.03371043309336076,0.0,0.7741882718573648,0.9949060158840554,10.647437250715814,24.83531863088926,3.6317616514296227,17.01295104184925,Bank,
SPGI,S&P Global Inc.,,,10.207391977978489,0.10777909435286448,0.709013088518082,0.0207178710045961,0.4247522170057381,0.11529645055854908,0.3456981576825259,0.009676819055889832,0.0,0.4363414399074758,0.6107420867795613,11.104086877540842,28.423804518004918,4.0827201464966105,18.057952684258417,Bank,
ICE,"Intercontinental Exchange, Inc.",,,10.127946642848901,0.12977028403051039,0.5689706539550127,0.012323584565443321,0.40735759493670887,0.03565537032691389,0.3456725755995829,0.06502308952778192,0.0,0.7013314888466194,0.5703186754833481,10.923937144421423,25.319411764705883,2.9027788345149577,15.408533313459532,Bank,
COUP,COUP (Synthetic Demo),Technology,Consumer Electronics,11.583521823312012,0.02359691836285105,0.6,0.0,0.2982141226502472,0.008990837819635502,0.2594909792973897,0.028918428845376157,0.010261293815307148,1.7419354838709677,1.28,12.438320794186449,29.5,45.2,23.8,SaaS,
CDAY,CDAY (Synthetic Demo),Technology,Consumer Electronics,11.583521823312012,0.02359691836285105,0.6,0.0,0.2982141226502472,0.008990837819635502,0.2594909792973897,0.028918428845376157,0.010261293815307148,1.7419354838709677,1.28,12.438320794186449,29.5,45.2,23.8,Unknown,
CME,CME Group Inc.,,,9.830755426274798,0.08110902142130594,0.8619141836222426,0.005289682399821682,0.8440787657577523,0.043996019126827095,0.6220210849599859,0.014219059150104834,0.0,0.11912685096873456,0.055043941480992405,10.97519917022966,23.193701879573695,3.2876891971651543,16.016794542057998,Bank,
OKTA,"Okta, Inc.",,,9.487562560256379,0.13572914436075822,0.7813211845102506,0.01654280675902454,0.08872901678657073,3.0,0.3120728929384966,0.009111617312072893,0.0,0.060294327761108726,0.5936423578688726,10.53294843609866,145.17123578723405,4.874302101728818,94.87109974647888,SaaS,
MKTX,MarketAxess Holdings Inc.,,,8.939531732165808,0.060442549563056724,0.5940461480991925,0.017264306015808698,0.43541998515836583,0.009247769468434372,0.16388609522714864,0.06631303698169592,0.0,0.24870926717798453,-0.307896513609724,9.790958046193317,25.056328028642444,5.393859657928525,13.13169535219481,Conglomerate,
TWLO,Twilio Inc.,,,9.746036672073096,0.10447148818396523,0.48535136481556723,0.01950201116858957,0.0344727483709016,2.333687823606101,0.17741417949553578,0.012938757373937787,0.0,0.13828110197140053,1.5339155693164233,10.738659480889863,200.0,7.004334482878448,100.0,SaaS,
APP,AppLovin Corporation,,,9.834364998503561,0.7250509820491762,0.8846386447222221,0.03514376283301331,0.7590112753495575,0.23300191141855092,0.6588357452581034,0.0,0.0,1.6605561231683945,3.8936252498755897,11.001216054380484,30.080233410121412,46.97698111524446,23.270937417160848,SaaS,
DOCN,"DigitalOcean Holdings, Inc.",,,9.004799694200372,0.14060432671554168,0.5722159639921551,0.019268967895270626,0.2491627164484756,0.5548544873675827,-0.003769113837919204,0.31031843127326025,0.0,0.0,1.007560455394431,10.131917572106198,52.261119082202555,0.0,41.14600499788704,Conglomerate,
CFLT,CFLT (Synthetic Demo),Technology,Consumer Electronics,11.583521823312012,0.02359691836285105,0.6,0.0,0.2982141226502472,0.008990837819635502,0.2594909792973897,0.028918428845376157,0.010261293815307148,1.7419354838709677,1.28,12.438320794186449,29.5,45.2,23.8,Unknown,
FIVN,"Five9, Inc.",,,9.080582117361965,0.12341322334520766,0.5490502767309285,0.01996713915807309,0.05136073129299062,3.0,0.14141477908457425,0.06521762605315992,0.0,1.0245362469888026,1.838496707667647,9.387598899478249,61.93360361274609,3.106543788184781,24.955613584805683,MatureTech,
PCTY,Paylocity Holding Corporation,,,9.24829849736845,0.12381672548073475,0.691855705838451,0.004074702122253962,0.2179118919950365,0.07196775515875893,0.24151285534113992,0.059533931077622074,0.0,0.10886699628382444,0.4371397851488537,9.907282700253017,29.94578740347222,6.613307854729384,15.947812611743908,Conglomerate,
PAYC,"Paycom Software, Inc.",,,9.330535521090559,0.10062325679761575,0.8366813043072036,0.007245194698859773,0.3035531510454745,0.08866465938071424,0.2665607773521443,0.1078669531906942,0.0,0.05215131388969102,0.48796445684940043,10.106803589716403,28.20473826643141,7.385520259890269,15.653020060067576,SaaS,
SMAR,SMAR (Synthetic Demo),Technology,Consumer Electronics,11.583521823312012,0.02359691836285105,0.6,0.0,0.2982141226502472,0.008990837819635502,0.2594909792973897,0.028918428845376157,0.010261293815307148,1.7419354838709677,1.28,12.438320794186449,29.5,45.2,23.8,Unknown,
TLND,TLND (Synthetic Demo),Technology,Consumer Electronics,11.583521823312012,0.02359691836285105,0.6,0.0,0.2982141226502472,0.008990837819635502,0.2594909792973897,0.028918428845376157,0.010261293815307148,1.7419354838709677,1.28,12.438320794186449,29.5,45.2,23.8,Unknown,
BLDR,"Builders FirstSource, Inc.",,,10.159828864032088,-0.05740775989392388,0.29187727092182597,0.0595104838536167,0.051760564631979256,0.337111046639758,0.04424736254873534,0.017903406278058313,0.0,1.1718696830674518,1.4487124158374884,9.89271219780697,17.948340873945025,1.7947264530469405,9.239706817409784,ConsumerCyclical,
ULTI,ULTI (Synthetic Demo),Technology,Consumer Electronics,11.583521823312012,0.02359691836285105,0.6,0.0,0.2982141226502472,0.008990837819635502,0.2594909792973897,0.028918428845376157,0.010261293815307148,1.7419354838709677,1.28,12.438320794186449,29.5,45.2,23.8,Unknown,
GTLB,GitLab Inc.,,,9.023321200333978,0.2834348023282274,0.8575306088988757,0.010883715313476509,-0.07378478765190154,0.5228631063374791,0.2025015945343249,0.009114197089181144,0.0,0.00018876152252823348,2.1626318810948706,9.876445803835292,0.0,7.594823210197564,0.0,SaaS,
ZEN,ZEN (Synthetic Demo),Technology,Consumer Electronics,11.583521823312012,0.02359691836285105,0.6,0.0,0.2982141226502472,0.008990837819635502,0.2594909792973897,0.028918428845376157,0.010261293815307148,1.7419354838709677,1.28,12.438320794186449,29.5,45.2,23.8,Unknown,
CLDR,CLDR (Synthetic Demo),Technology,Consumer Electronics,11.583521823312012,0.02359691836285105,0.6,0.0,0.2982141226502472,0.008990837819635502,0.2594909792973897,0.028918428845376157,0.010261293815307148,1.7419354838709677,1.28,12.438320794186449,29.5,45.2,23.8,SaaS,
MNDY,monday.com Ltd.,,,9.135647454391787,0.2993739027745588,0.8873819257598496,0.0017834648657054255,-0.00141883462378561,0.8362747581873887,0.2155560547599587,0.014850517957089722,0.0,0.13535621364798578,1.6655208473581604,9.57538923675788,31.67997842717825,3.0170319098903144,100.0,SaaS,
WIX,Wix.com Ltd.,,,9.329131728886795,0.1297035794432122,0.6664265507861491,0.005771330710811194,0.002468585741207921,0.9196174996235604,0.19237359468939286,0.004994160356790014,0.0,0.0,1.0479844261358766,9.611606770891825,80.73495735971252,0.0,100.0,SaaS,
RP,RP (Synthetic Demo),Technology,Consumer Electronics,11.583521823312012,0.02359691836285105,0.6,0.0,0.2982141226502472,0.008990837819635502,0.2594909792973897,0.028918428845376157,0.010261293815307148,1.7419354838709677,1.28,12.438320794186449,29.5,45.2,23.8,Unknown,
SQSP,SQSP (Synthetic Demo),Technology,Consumer Electronics,11.583521823312012,0.02359691836285105,0.6,0.0,0.2982141226502472,0.008990837819635502,0.2594909792973897,0.028918428845376157,0.010261293815307148,1.7419354838709677,1.28,12.438320794186449,29.5,45.2,23.8,Unknown,
BOX,"Box, Inc.",,,9.091339794828107,0.06510007466972412,0.7954986345993339,0.02585053246873514,0.09295113284909871,0.1504317470396041,0.2833413015469139,0.03630264085505684,0.0,2.678774010898132,0.9627481173033907,9.696962535114226,43.13409679068841,25.251100924413237,36.04027463378649,MatureTech,
YEXT,"Yext, Inc.",,,8.646425293359334,0.05095824584101072,0.7395953248371413,0.021259253455877012,0.1068142478710374,3.0,0.11959225501216644,0.004762743159481922,0.0,1.119451013354577,1.4270871124599036,8.901129993104714,21.029222694145915,4.995563273659054,9.758268546613243,Unknown,
DBX,"Dropbox, Inc.",,,9.40339508700251,0.0038700298228169228,0.797163848949281,0.01235316328420035,0.2761602538675129,0.24861514970005152,0.3767577816400695,0.010546689840417128,0.0,0.0,0.314860447412953,10.073522598849994,23.29791502753737,0.0,17.034161199625117,MatureTech,
PD,"PagerDuty, Inc.",,,8.694370879921308,0.06939085663974853,0.8483747799318015,0.015042348698336318,0.05380817223162912,1.4391115009471802,0.23743109919896185,0.028251602379465286,0.0,1.6298833169685283,1.8070788674549443,9.145718617345402,8.06746617489459,5.515455131411356,39.73768613602524,SaaS,
TENB,"Tenable Holdings, Inc.",,,9.018508684516268,0.11860356213041467,0.7805113177370467,0.005882253358084977,0.005489266113337435,3.0,0.24372064676068647,0.014599358529005624,0.0,1.2705652376400225,1.8767737341700361,9.619731107949821,0.0,12.764767017182637,92.59993676355894,Conglomerate,
TSM,Taiwan Semiconductor Manufacturing Company Limited,,,12.647431136668205,0.3274166918685708,0.6423016882967312,0.04062801645395549,0.5392480490498652,0.06705710766902681,0.25327527248178816,0.3400551093425717,0.0,0.19880018794261936,1.3346831866286348,13.088467985223295,7.221569502035362,2.289314038558347,3.8496075294013195,Semiconductor,
VEEV,Veeva Systems Inc.,,,9.538837296704285,0.1626871430493504,0.7496085998719527,0.024152384965342368,0.28678554294089054,0.1821007023211292,0.481611278801237,0.0,0.0,0.013286527381675767,0.9109886738743878,10.636016219477941,47.58797766909889,5.9950776452620955,43.933588131820805,SaaS,
BILL,"BILL Holdings, Inc.",,,9.218315151216142,0.13196666619377306,0.8092781041894891,0.004453919882456916,0.005628009388081009,1.96470261720924,0.2145441369594371,0.0369933720914055,0.0,0.5337874390826267,1.5336057390060631,9.667239115292903,0.0,1.316407513506195,43.71066139079583,SaaS,
ASML,ASML Holding N.V.,,,10.54811290506517,0.08875166646465638,0.5273313990517302,0.014054629264719946,0.35278091547204704,0.033224301835274916,0.2427485669803977,0.03419715519071545,0.0,0.22388615249691518,1.3945607979132992,11.867361849558613,76.67708213357858,37.569510460550575,58.03013896515701,Semiconductor,
NXPI,NXP Semiconductors N.V.,,,10.120080134129454,-0.03867339576393092,0.5600303375047402,0.016534561195655505,0.25503301002526696,0.047166450275637706,0.20091012514220705,0.03640500568828214,0.0,1.2153937947494033,2.2593937904772345,10.800860354686519,31.28196610883721,6.286878829152744,18.312762813925776,MatureTech,
ADI,"Analog Devices, Inc.",,,10.142444031104194,-0.053687224830759606,0.6579962143085192,0.047032911706582574,0.2749463302427188,0.13911426402730134,0.3556826145187521,0.04378628506619917,0.0,0.256229973277249,1.2653830216230557,11.327262462858386,93.70125979589757,6.282657352708818,43.474293474272436,MatureTech,
ON,ON Semiconductor Corporation,,,9.792237557657087,-0.14767905838253048,0.37716609119364936,0.14890040245994068,0.03372585648997565,0.599016069130898,0.24208590144890121,0.027687243860724773,0.0,0.39159162290018634,2.7832240024556336,10.564276352972993,200.0,4.7785284387877445,42.24755941156271,Semiconductor,
MCHP,Microchip Technology Incorporated,,,9.709465010393474,-0.21428350283581332,0.601936630029479,0.06829910469196208,0.1037321508136895,0.7068400496795813,0.21687523182945162,0.017004080198348398,0.0,0.8605186244636528,2.2477412417545475,10.646960130021561,192.85561771513042,6.895838578832162,42.141989538686126,MatureTech,
SLAB,Silicon Laboratories Inc.,,,8.932419981890204,0.0016004925397963277,0.6061136075261656,0.042828245262507524,-0.07255302230989188,0.9540362807225624,-0.006346580300831645,0.04501258333391752,0.0,0.021889259862319516,1.1071278638049626,9.852905749687233,0.0,6.512121913199526,0.0,Semiconductor,
MRVL,"Marvell Technology, Inc.",,,9.975445595416835,0.2197722290330537,0.5221104091933589,0.10079139887221572,0.3965050154980108,3.0,0.18230109097065703,0.05052749648159318,0.0,0.334789354505046,2.5469680591029507,11.367556188979686,87.30289839331861,16.291651687120854,51.82143905017843,Semiconductor,
SWKS,"Skyworks Solutions, Inc.",,,9.603588187510516,-0.07460193479794419,0.40731421738372237,0.033351925626107025,0.13550612934008663,0.24942116000580725,0.1017911860691064,0.07662987967414862,0.0,0.20897674176234562,1.5677493644683524,10.13423469082477,28.55125969398449,2.3660881346511267,13.437850118017309,Semiconductor,
MPWR,"Monolithic Power Systems, Inc.",,,9.514966969827393,0.23786779560921434,0.551953190160695,0.007078430397822474,0.26111689868942706,0.0343208731149957,0.1779959904165946,0.07324058294772205,0.0,0.0056553920334634295,1.8217794160645229,10.83136650140536,109.12826434512287,19.204705854202906,85.44084561332089,Semiconductor,
TER,"Teradyne, Inc.",,,9.649727201852953,0.09176644035432058,0.5924159128823254,0.007747309681956287,0.20692822373750167,0.03835594059161035,0.17919499214947207,0.059367643280255,0.0,0.10131048819780868,1.458613523147544,10.844738179486072,126.23842627069546,25.01724808209026,88.73577328391409,Semiconductor,
ENTG,"Entegris, Inc.",,,9.5219353022483,-0.04757155002302227,0.4547969092931662,0.031188072742737733,0.1421510354751924,0.08292795983153704,0.17293526953489072,0.06178407143501398,0.0,0.9602367582334194,1.2562989026650877,10.39492163266097,105.37712523947368,6.279873199377751,33.4825858386684,Semiconductor,
KLIC,"Kulicke and Soffa Industries, Inc.",,,8.977820967768773,-0.06142243281095805,0.48180565831029465,0.09771878921224175,0.03150985887069033,3.0,0.04206741014909289,0.014719857547728773,0.0,0.04692686834061481,1.2899147913028919,9.76018027862804,200.0,7.007731746300324,100.0,Semiconductor,
COHR,Coherent Corp.,,,9.85236902698081,0.22964763055299042,0.3749609626391911,0.07875114323132273,0.1458237715506251,0.6333207215174577,-0.14477982507047799,0.15595037552430882,0.0,0.3245229167344966,2.5287180262860285,10.672516158498508,58.44150037898231,4.3146982616197835,31.682713850663028,Semiconductor,
IIVI,IIVI (Synthetic Demo),Technology,Consumer Electronics,11.583521823312012,0.02359691836285105,0.6,0.0,0.2982141226502472,0.008990837819635502,0.2594909792973897,0.028918428845376157,0.010261293815307148,1.7419354838709677,1.28,12.438320794186449,29.5,45.2,23.8,Semiconductor,
ASEL,ASEL (Synthetic Demo),Technology,Consumer Electronics,11.583521823312012,0.02359691836285105,0.6,0.0,0.2982141226502472,0.008990837819635502,0.2594909792973897,0.028918428845376157,0.010261293815307148,1.7419354838709677,1.28,12.438320794186449,29.5,45.2,23.8,Unknown,
IPGP,IPG Photonics Corporation,,,9.029115812455606,-0.11701100740536952,0.3835085192735706,0.07986989283279146,0.02297223387266295,1.046926296223178,0.01944937999139656,0.07074083079282548,0.0,0.00810570782799923,0.39703023458766207,9.607028078974448,130.11385711506304,1.901209278028128,40.700238017305615,Semiconductor,
LITE,Lumentum Holdings Inc.,,,9.479143247978612,0.489120838313885,0.4166887856668879,0.3237372355477574,-1.0,1.1344963455864798,0.09956867949568679,0.14973457199734572,0.0,0.35986993690647945,1.7276249424747192,10.857765899015764,0.0,15.519689915803529,0.0,Semiconductor,
ACLS,"Axcelis Technologies, Inc.",,,8.937553998140782,-0.13853399427216928,0.43011204611163967,0.014380462737281509,0.17116184056216097,0.15619585397266145,0.07568885727745499,0.011249642062091836,0.0,0.04091035173295628,1.8265624347804652,9.685128973684035,40.27979299389544,4.680844118502683,29.39997115849801,Semiconductor,
DIOD,Diodes Incorporated,,,9.21344975204693,-0.05560562550391124,0.31734387769583494,0.10321134737707882,0.05852275832566952,0.5929112640967769,0.08717572904381359,0.06577604811517888,0.0,0.05090664940121099,2.341903764530725,9.674086978411017,71.38652171089038,2.513985196121236,19.307247127671577,Semiconductor,
FLEX,Flex Ltd.,,,10.445822074161695,0.027982519216401602,0.09196102314250913,0.10710088883378605,0.0486494232284875,0.16696572059048512,0.03768718205918177,0.022676793007093216,0.0,0.8390357698289269,2.860069189382587,10.720066701930147,59.646371588079546,10.20388938520801,28.326812596309214,MatureTech,
VLKP,VLKP (Synthetic Demo),Technology,Consumer Electronics,11.583521823312012,0.02359691836285105,0.6,0.0,0.2982141226502472,0.008990837819635502,0.2594909792973897,0.028918428845376157,0.010261293815307148,1.7419354838709677,1.28,12.438320794186449,29.5,45.2,23.8,Unknown,
EPAM,"EPAM Systems, Inc.",,,9.749485016656882,0.07861829749065552,0.2941172909809571,0.028149644821267694,0.0952900245113849,0.08170882091252524,0.08592799856286973,0.009997598254791162,0.0,0.03907945826555126,1.0358646088604033,9.795425330188205,16.531171924231753,1.6978722411948572,7.4205009153398125,MatureTech,
AMKR,"Amkor Technology, Inc.",,,9.872603744375814,0.015633142411169088,0.15510735242059193,0.02240868862328215,0.07752899121210988,0.006616312867617668,-0.023115231546539942,0.18329467072869846,0.0,0.3491263682856099,2.2970797786610153,10.137670468281035,36.72153363912329,3.070828072517181,11.97227348415028,Semiconductor,
JBL,Jabil Inc.,,,10.526210003841664,-0.0732865794553057,0.09225960107174755,0.04693810299766148,0.034863431984430565,0.2828945119589912,0.03888061923191426,0.016403691574873473,0.0,2.2247191011235956,1.7283112890480248,10.615378915021536,62.778877400000006,27.26088727812294,24.914607385755986,MatureTech,
SMCI,"Super Micro Computer, Inc.",,,10.591766394102548,0.614333395373571,0.10821604097086886,0.11190899410339906,0.07638513427720177,0.14414036774301683,-0.17847764251618511,0.0041471136729850635,0.0,0.6050583267930305,3.861463049319672,10.363848865408961,10.362291117633951,1.5962346717403393,7.921669009419,Semiconductor,
SIMO,Silicon Motion Technology Corporation,,,9.118451898755662,0.1771362811058439,0.4886941348969142,0.053912564941072535,0.10505212691121657,0.2297743715716014,-0.09169695317936061,0.0409625401388282,0.0,0.0031128985467121363,3.5885248562630654,10.569215999367318,200.0,44.64290482547425,100.0,Semiconductor,
WOLF,"Wolfspeed, Inc.",,,8.822886947834151,-0.061446977205153575,-0.34897007968726507,2.0,-1.0,0.6196479725023881,-0.46384002405653285,0.15832205683355885,0.0,1.9309825843904536,5.0,9.231823012881074,0.0,1.8333554660073106,0.0,Semiconductor,
ARM,Arm Holdings plc,,,9.712312908681366,0.2336151635704331,0.9753685027152832,0.010157742673631133,0.18455284552845524,0.5318207325305928,0.28549262994569435,0.12063615205585726,0.0,0.05515327057687666,3.8726673171924126,11.498653996812763,200.0,38.04600563118513,100.0,Semiconductor,
IMAX,IMAX Corporation,,,8.619178928314547,0.04612069836579691,0.5963223595348993,0.0430411554410631,0.17224020750246213,0.12088195289013455,0.24034925807893637,0.07906133887070337,0.0,0.8245588074260635,0.28731504107498645,9.455562746391143,81.85327818786558,8.448626717136591,22.4052255811752,ConsumerCyclical,
TSLA,"Tesla, Inc.",,,11.015439396708317,-0.010105518086202414,0.18851754987019756,0.008771670178999559,0.05922363883704009,0.22703643076298496,0.0555400071415474,0.12478406469855914,0.0,0.17920060386914546,1.5618159776877731,12.069130170964984,200.0,14.275500200883888,99.51995579734785,ConsumerCyclical,
F,Ford Motor Company,,,11.274095472704557,0.030952761717048416,0.02218935698211977,0.6062363851528264,-0.056053656009868266,3.0,0.03872896639410979,0.05142759864448618,0.0,4.6099799732977305,1.6875145442677708,10.684841031706844,0.0,1.3462260083444593,52.44131870588235,ConsumerCyclical,
GM,General Motors Company,,,11.268407122025044,0.037632355197088074,0.057366313258986563,0.26807851339217126,0.02077624460190575,0.40993146228610033,0.0032609808814889475,0.12179898343637315,0.0,2.1484644709501137,0.8589441767990196,11.039723369498121,40.629588431590655,1.7928631031266873,11.932779947916666,ConsumerCyclical,
TM,Toyota Motor Corporation,,,13.715644284264854,0.06016572432300249,0.167564902579297,0.09185226807821582,0.10285674138549052,0.16619499725801484,-0.023538067787020757,0.10308438362118724,0.0,1.0823323986204614,0.18588264563124152,12.391278252871569,0.6397821648555235,0.061673726129918706,4.3398139249657905,Conglomerate,
HMC,"Honda Motor Co., Ltd.",,,13.352527037524972,0.03293508056561567,0.17232653055424105,0.11906591169063452,-0.014669161855903282,0.9611356168598622,0.0003202791597921223,0.059282109273635995,0.0,0.4159468592035278,0.2986010167208401,11.194601004525946,0.0,0.013245701159046844,0.005246671305203422,Conglomerate,
NIO,NIO Inc.,,,11.057337528281002,0.2541965615150228,0.17407433846291037,0.34401570951609695,-0.15928526254776254,0.31240232190245315,-0.02692591538932001,0.0,0.0,7.516152337082217,0.23818170385577028,9.748302693154098,0.0,1.3466841261029077,0.0,ConsumerCyclical,
RACE,Ferrari N.V.,,,9.866482757172475,0.09403692456865986,0.5161795208360646,0.016077632604621656,0.29455238401246725,0.031485550224056066,0.19556409169859335,0.13179537699223262,0.0,0.7382387999876117,0.4176122325641456,10.84916135195701,44.246453250503,18.085471467567704,26.050337537441173,ConsumerCyclical,
LI,Li Auto Inc.,,,11.020319363747968,-0.04772205157200937,0.13592657344742767,0.07016233875609504,0.01304585737558659,0.5572575069817814,-0.14441919656653884,0.0,0.0,0.245317402388664,0.6318073922259166,10.31998091322339,18.57998671823613,0.2876928867623332,0.0,ConsumerCyclical,
XPEV,XPeng Inc.,,,10.877440936848583,0.5814436728332872,0.2070243040495248,0.6377577788400973,-0.01012610287453782,0.8327503893143563,0.06512844897812994,0.0,0.0,0.6438783624791273,0.2327826985838754,10.202658457961352,0.0,0.5250900993427748,8.217907829853786,ConsumerCyclical,
WMT,Walmart Inc.,,,11.866783392229962,0.04897470260806025,0.2523062078712764,0.009872398899948842,0.045246318162888426,0.07309232190886236,0.01835861056751468,0.039973363774733636,0.0,0.6735296184386199,0.5976994247042414,11.92660273946965,38.57424747636231,8.477528935824207,19.38572443028986,ConsumerCyclical,
COST,Costco Wholesale Corporation,,,11.467736821157994,0.06582053849674008,0.12875910718117628,0.019089906017917747,0.039864116118952894,0.04692925461298856,0.02999451610595837,0.021097664406121524,0.0,0.2802427650528048,0.6364835348838261,11.610168761567836,50.319621138412145,13.974030023316416,29.970936826392,ConsumerCyclical,
HD,"The Home Depot, Inc.",,,11.22833875227948,0.03860152147530749,0.33206246748947843,0.0012775882040477462,0.12760272766466485,0.047105228948028384,0.08925024826216485,0.02175249444365631,0.0,5.100288769218762,1.031281840756929,11.458449891024328,20.300621644532356,22.428439865761337,13.977982892381142,ConsumerCyclical,
TGT,Target Corporation,,,11.032235865062193,-0.012327878209767107,0.2930318926697925,0.009838471140778885,0.049742317236113755,0.03532558572200479,0.04137226683997958,0.03961747365489068,0.0,1.2551809464893289,0.4964157537067279,10.856209865630278,19.38302934736842,4.442568743086916,10.378160044572251,ConsumerCyclical,
JCP,JCP (Synthetic Demo),Technology,Consumer Electronics,11.583521823312012,0.02359691836285105,0.6,0.0,0.2982141226502472,0.008990837819635502,0.2594909792973897,0.028918428845376157,0.010261293815307148,1.7419354838709677,1.28,12.438320794186449,29.5,45.2,23.8,Unknown,
KSS,Kohl's Corporation,,,10.188365926063149,-0.05741015085429657,0.4116655865197667,0.006852850358034569,0.040188059509241966,0.1826005280246318,0.06701231367465975,0.020609202851587814,0.0,1.6378458498023716,1.8367219317254535,9.319711774337037,7.676139705882353,0.5157880434782609,6.075460725075529,ConsumerCyclical,
M,"Macy's, Inc.",,,10.357553719743082,-0.026432468509461682,0.40693590869183494,0.0012572188584413723,0.041819548207417886,0.5286551002059743,0.0456540825285338,0.03165057067603161,0.0,1.0707818930041153,1.203133971019178,9.790049229486566,9.605372274143303,1.2688578189300412,5.502526630434782,ConsumerCyclical,
LOW,"Lowe's Companies, Inc.",,,10.956322135832446,-0.0005268994074848488,0.33082315994338285,0.0019524740827640862,0.11906914215515844,0.05110082262156141,0.07740622788393489,0.025024327671620664,0.0,0.0,0.87231479679616,11.036072898142084,16.33014727983168,0.0,12.219746551170998,ConsumerCyclical,
DDS,"Dillard's, Inc.",,,9.819505571168182,-0.0228881330549483,0.4121327686975986,0.01103514598181353,0.11206359083246692,0.09667685813993411,0.09623228839759633,0.013537256397042344,0.0,0.3134184387595069,1.3739886209454666,10.04953428912878,19.656988236069925,6.300364340803949,11.899369745027407,ConsumerCyclical,
SBUX,Starbucks Corporation,,,10.583632851447941,0.016661473394607995,0.2207427037714244,0.08004359304020964,0.08202095502414991,0.2752165591508492,0.0949989957822856,0.03505111076912643,0.0,0.0,1.1357110050813881,11.036299892496285,58.56367647058823,0.0,27.400611648069024,ConsumerCyclical,
CMG,"Chipotle Mexican Grill, Inc.",,,10.09425301822072,0.09912044137074272,0.24130224998730254,0.020538142985572837,0.16878042456728176,0.02454200228889034,0.12628907241359077,0.06105575615238512,0.0,1.79318923467652,0.6521799069783517,10.650312244965734,29.10640783298964,15.791837581126591,20.81794422518838,ConsumerCyclical,
MCD,McDonald's Corporation,,,10.442511124934784,0.026898482915693078,0.573821384737564,0.004705135506852728,0.46416217221498973,0.008242633094443461,0.2801602772363006,0.12934084181647534,0.0,0.0,-0.08009807108325288,11.22937759399643,19.8039421931566,0.0,15.23512447199891,ConsumerCyclical,
YUM,"Yum! Brands, Inc.",,,9.940715656906663,0.07741604083213693,0.45334708849151767,0.027919726890430235,0.31385439493547596,0.021280022510603815,0.19245758826226503,0.04630903255387437,0.0,0.0,0.06124905116046339,10.581079971765991,24.44746632456703,0.0,18.172988505747128,ConsumerCyclical,
DPZ,"Domino's Pizza, Inc.",,,9.701379289308813,0.05015964137653195,0.4002102304877964,0.014420325617100384,0.1956095493233393,0.014239165144194972,0.12997097148562547,0.024729430179909164,0.0,0.0,0.2570532563363298,10.022899915324814,17.519310778339516,0.0,14.655962564643264,ConsumerCyclical,
DRI,"Darden Restaurants, Inc.",,,10.120932405178452,0.07697182206925346,0.21667713781801393,0.00961838524418751,0.11996911641144813,0.024358901339133605,0.0823486666313423,0.057558531212862106,0.0,2.8651868629671573,0.4660596198612574,10.384784725171414,20.09950733540234,10.987123670047565,14.147006291533085,ConsumerCyclical,
QSR,Restaurant Brands International Inc.,,,9.986726959331218,0.15909097255328253,0.3408598824621095,0.0686027028874165,0.2338350646597413,0.09591801477359026,0.16826476956387257,0.028044128260645427,0.0,4.321408915795267,0.2674198493461488,10.331879126541514,27.670525387577317,5.9087307927242705,14.365108775731949,ConsumerCyclical,
CAKE,The Cheesecake Factory Incorporated,,,9.588523804649217,0.04441317214006113,0.43550609323618544,0.023189459323438855,0.04620254885247265,0.18434898061279978,0.05292281900831775,0.03849455155071249,0.0,4.880163234630305,1.1486130731985804,9.749054580684467,37.804340928874126,12.85709846331689,26.650084324512882,ConsumerCyclical,
EAT,"Brinker International, Inc.",,,9.763981740242036,0.14688691495964257,0.18646898784309673,0.1176896900869856,0.10700141199159693,0.2786163939781565,0.09599820918138927,0.039931811137514206,0.0,3.9576290286229434,1.1600305401051882,9.954686228158765,18.499383983572898,20.304710389903086,12.683251993810261,ConsumerCyclical,
LULU,lululemon athletica inc.,,,10.04508639993372,0.07433842402423996,0.5610713221750043,0.01874340173060065,0.19910786662583538,0.07337170580197176,0.12207873567181407,0.056580092491811985,0.0,0.3624544523805685,0.4350634967417467,10.080147982223076,7.615799853468534,2.4238471333215093,4.4398513914549165,ConsumerCyclical,
BLMN,"Bloomin' Brands, Inc.",,,9.599830473426248,-0.02578293847810942,0.134058948847574,0.10567627204958463,0.009394094432855845,1.141033710112244,0.03894165072252469,0.0414155684180848,0.0,6.025362557778431,1.6690841092821542,8.871376627438194,90.28332839626077,2.2291945971546934,12.540672844821568,ConsumerCyclical,
NKE,"NIKE, Inc.",,,10.666499260561693,-0.049551330590384524,0.42913487650329757,0.018930923737694994,0.0818354239406871,0.2087495754815007,0.047070994439415495,0.014742014742014743,0.0,0.7422132526067945,0.797383744752077,10.715073961941215,16.695250965250963,3.490672048435923,12.050248149760556,ConsumerCyclical,
SKX,SKX (Synthetic Demo),Technology,Consumer Electronics,11.583521823312012,0.02359691836285105,0.6,0.0,0.2982141226502472,0.008990837819635502,0.2594909792973897,0.028918428845376157,0.010261293815307148,1.7419354838709677,1.28,12.438320794186449,29.5,45.2,23.8,Unknown,
UA,"Under Armour, Inc.",,,9.692867091919544,-0.06672305496187025,0.46776610173685645,0.022162873230623176,-0.007126533061370781,3.0,-0.016452785458849883,0.013450288008934271,0.0,1.3713856443903956,1.2550874095994367,9.309685629152684,0.0,1.4425326900789048,49.45070100417621,ConsumerCyclical,
UAA,"Under Armour, Inc.",,,9.692867091919544,-0.06672305496187025,0.46776610173685645,0.022162873230623176,-0.007126533061370781,3.0,-0.016452785458849883,0.013450288008934271,0.0,1.3713856443903956,1.3777928611730599,9.320893850744318,0.0,1.4802459630221443,50.16928034837667,ConsumerCyclical,
GPS,GPS (Synthetic Demo),Technology,Consumer Electronics,11.583521823312012,0.02359691836285105,0.6,0.0,0.2982141226502472,0.008990837819635502,0.2594909792973897,0.028918428845376157,0.010261293815307148,1.7419354838709677,1.28,12.438320794186449,29.5,45.2,23.8,Unknown,
DECK,Deckers Outdoor Corporation,,,9.74251217270987,0.12971632383352083,0.5780379857105354,0.01786095875378172,0.24283883766521405,0.036519323702347214,0.20223440460594697,0.013732772069634861,0.0,0.15009933438361875,1.6372694601722493,10.094340810963995,12.134188664653136,4.971228121832041,7.755772554050485,ConsumerCyclical,
CROX,"Crocs, Inc.",,,9.607976506778458,0.00983217188699581,0.5746976595527448,0.02285713645460467,0.03991068757057965,0.5540701487697688,0.17377146371791324,0.014307254543060116,0.0,1.2478699557637423,1.3723970455171708,9.862498286636624,0.0,5.63384270882707,36.457108174286105,ConsumerCyclical,
RL,Ralph Lauren Corporation,,,9.92195685014285,0.10618628559603449,0.702688146304098,0.01816271886575194,0.15181465278205683,0.0836504894339546,0.11992531597089238,0.03774894676369207,0.0,1.0591257830646865,1.5053154456880466,10.377252908268767,25.32894697694188,8.389199690293518,16.969398593760666,SaaS,
PVH,PVH Corp.,,,9.950437879819543,-0.014616954941046423,0.5878047413551533,0.013538499740238298,0.027429554646823534,0.4477465139299317,0.08014347363111585,0.017945412766911393,0.0,0.8970431734240344,2.0018192300260917,9.675451001327954,187.2106193916996,0.9883414374329653,16.094686501757437,ConsumerCyclical,
MAR,"Marriott International, Inc.",,,10.42981685430658,0.05085145798131241,0.19811180493606897,0.026343673535621302,0.16050561368670285,0.033378152778265745,0.11641391614629795,0.022152839726434732,0.0,0.0,1.0266119923651817,11.047247507917557,42.86542714340638,0.0,26.70095293627655,ConsumerCyclical,
H,Hyatt Hotels Corporation,,,9.85442750578786,0.03203524414757353,0.19896532438478748,0.004638642234696838,0.056048443881143495,0.7329986085778278,0.03523489932885906,0.026705816554809844,0.0,1.3665266946610677,1.7463488021244071,10.228067712960168,0.0,5.071099331253749,27.31313760951123,ConsumerCyclical,
HLT,Hilton Worldwide Holdings Inc.,,,10.096388546687367,0.08455425795416383,0.2933119743692431,0.017928571297942293,0.22360661184483757,0.028598539311802503,0.1553063676411694,0.013616339607529036,0.0,0.0,0.9710535528505481,10.932188872132231,58.712330629622514,0.0,34.06025295481352,Conglomerate,
IHG,InterContinental Hotels Group PLC,,,9.715083670694927,0.05933402726188253,0.3125843129697437,0.023153466896014246,0.2445557910965504,0.037536369244919036,0.1582193100790133,0.014839082674889188,0.037579495085758335,0.0,1.1463963177685332,10.453355792642391,37.47024968176782,0.0,22.54943410514488,ConsumerCyclical,
RCL,Royal Caribbean Cruises Ltd.,,,10.271400120441063,0.13587667787402413,0.4906589582998769,0.04666553436137872,0.2991524478643916,0.11795268981739462,-0.022268615170494086,0.38552540013917885,0.0,2.1953771047125636,1.2473262798942937,10.850584984068615,16.609653528486408,7.062867516148252,13.002965023235918,ConsumerCyclical,
SAVE,SAVE (Synthetic Demo),Technology,Consumer Electronics,11.583521823312012,0.02359691836285105,0.6,0.0,0.2982141226502472,0.008990837819635502,0.2594909792973897,0.028918428845376157,0.010261293815307148,1.7419354838709677,1.28,12.438320794186449,29.5,45.2,23.8,Unknown,
NCLH,Norwegian Cruise Line Holdings Ltd.,,,10.006650289499001,0.07211761580658149,0.4245725483777475,0.06837454899756579,0.14064757674107756,0.17231617151607112,-0.1167380501692533,0.3245032871273244,0.0,6.609464371045048,1.4417798506674637,9.8048343862886,15.07445167609381,2.8871152629002013,8.16578177563096,ConsumerCyclical,
CCL,Carnival Corporation Ltd.,,,10.43633760224632,0.11033924522001648,0.397385668778148,0.07084827229749402,0.1548025994515608,0.2093149985240677,0.11716890630149024,0.13159532788986122,0.0,2.278817974601107,1.7514145863506878,10.510971588795638,11.750666666666667,2.6401693259524586,8.464309072493126,ConsumerCyclical,
DAL,"Delta Air Lines, Inc.",,,10.834338033613637,0.04478676416766203,0.22468405406592762,0.007418643126386756,0.10832649453948613,0.1017594431469185,0.049936298270534654,0.06917861379179054,0.0,0.9722342109049058,1.1238378251277188,10.731782399382576,10.774033400553447,2.5859126825766077,7.509190627459977,ConsumerCyclical,
AAL,American Airlines Group Inc.,,,10.765944091619005,0.017325476558873953,0.17860020227299997,0.06322770201310446,0.03488733915399118,0.2290275620154415,0.004885407202975813,0.07009273702795825,0.0,0.0,1.3203864396402836,9.925276678309974,75.84967067873873,0.0,10.751348714021818,ConsumerCyclical,
UAL,"United Airlines Holdings, Inc.",,,10.79865754991315,0.048642875002416375,0.268644377672851,0.009144832501908326,0.09265278483155577,0.021717095186815277,0.04044450803643821,0.10125435207707349,0.0,2.0308860096845964,1.0946638099038437,10.565646325572967,10.97015520898002,2.406944798829342,7.3557929643021875,ConsumerCyclical,
ALK,"Alaska Air Group, Inc.",,,10.169174619753743,0.1686403700874448,0.10343426132899818,0.10763220112540517,0.026757497015239835,0.312135109245155,-0.02370791844476055,0.092799566483777,0.0,1.6738708110733365,1.350475850189557,9.70254972392361,50.413833639399996,1.2242310257260804,9.615121908112245,ConsumerCyclical,
HA,HA (Synthetic Demo),Technology,Consumer Electronics,11.583521823312012,0.02359691836285105,0.6,0.0,0.2982141226502472,0.008990837819635502,0.2594909792973897,0.028918428845376157,0.010261293815307148,1.7419354838709677,1.28,12.438320794186449,29.5,45.2,23.8,ConsumerCyclical,
LUV,Southwest Airlines Co.,,,10.478162312705756,0.03710251093250916,0.1803338653897313,0.03512585459751816,0.024088657663115135,0.13058351020925418,-0.015130353817504655,0.09926177174780526,0.0,0.7494048364866558,0.7332429965425047,10.4018685750986,57.20447255752835,3.160903696011778,12.512152235183363,ConsumerCyclical,
JBLU,JetBlue Airways Corporation,,,9.977860729264696,-0.02918297324986252,0.12732821214353363,0.0804147381391868,-0.02151842860295741,0.6105210470765624,-0.11880458802483426,0.10533515731874145,0.0,4.441509433962264,1.543509681426405,9.132595849372379,0.0,0.640117924528302,17.904766734279917,ConsumerCyclical,
ANF,Abercrombie & Fitch Co.,,,9.7276169673133,0.10916520794747431,0.6367472262794632,0.017418626879831603,0.13731616097246413,0.1108712346369635,0.10606053513891117,0.04740521830370024,0.0,0.8320387208445076,1.3581981558116776,9.823465218444467,13.137869253789052,4.743846099601466,8.049048496415265,ConsumerCyclical,
AEO,"American Eagle Outfitters, Inc.",,,9.759639218075119,0.026768156146077304,0.4054482895481285,0.02987408831254818,0.05909699893784941,0.1416534054696313,0.059742894357732446,0.04450154192772011,0.0,1.004234702947696,1.1941797332085862,9.538395686843023,17.99421532114823,2.0403256173541315,8.938070453904965,ConsumerCyclical,
PLD,"Prologis, Inc.",,,9.963304547556774,0.04668616903560485,0.7430508583024076,0.0022280759967270064,0.5394205339695319,0.07185217295102413,0.5703054745234047,0.0,0.0,0.6707727445801415,1.361320550021061,11.075555118826102,35.755401358860006,2.2371710000105653,20.839494503164733,REIT,
CCI,Crown Castle Inc.,,,9.619197715792946,-0.05093824821405879,0.7370824321076664,0.01271588500892738,0.4831144465290807,0.03933277396878732,0.578226387887527,0.05239125210285989,0.0,0.0,0.6735197223445213,10.458917520132722,64.79396396396396,0.0,21.17655272727273,REIT,
EQIX,"Equinix, Inc.",,,9.991447598003802,0.06097677387605693,0.5149413564507904,0.02373261934926329,0.22078767494846477,0.12335179853371023,-0.14931157572667006,0.5513513513513514,0.0,1.6053970048036168,0.725194389113883,10.977736896696236,70.37252406011852,6.711140681065272,28.28624908099488,REIT,
AMT,American Tower Corporation,,,10.039076864690909,0.0310979299812999,0.7377416259196636,0.0021854780879544283,0.41369332807244996,0.2104335136206558,0.3619065027647032,0.16589133117031485,0.0,12.310444900752909,0.6165512708039838,10.878081348713993,29.857034157027076,20.677171225242983,18.465287019828708,REIT,
PSA,Public Storage,,,9.689349444666478,0.033357325952297456,0.7251438873708531,0.010218393771801672,0.4341314144175313,0.08019435494713438,0.5850833572404378,0.06350960656642109,0.0,1.1087520631202337,1.0722828655976282,10.696724546128333,27.87693277044612,5.378618163057432,18.38428213797376,REIT,
SPG,"Simon Property Group, Inc.",,,9.841404837465536,0.06051975334080284,0.8189671828231201,0.00369964514291774,1.0,0.24031790237571474,0.46357347395264903,0.13044833212668705,0.0,5.603919383564747,1.0618236429935681,10.817574387861752,14.19768215257675,12.614820186182815,11.863270963593674,REIT,
O,Realty Income Corporation,,,9.775983351557592,0.18722740684265093,0.9256332029284484,0.002672623564719393,0.39336888153272953,0.057734345778063745,0.6978337468367491,0.0,0.0,0.744087653001703,0.27237172826300965,10.553179452620034,33.76382693521571,0.9062685658171499,13.509277929316694,REIT,
WELL,Welltower Inc.,,,10.063867958964776,0.28320398924145485,0.3887294914448936,0.00763198591960873,0.016117728319953922,0.5954580679120286,0.25223918231744114,0.002652566834057722,0.0,0.5074899064783539,0.3475105459376129,11.04802902786514,119.2233400874958,2.6512015415961048,55.41776004769184,REIT,
VTR,"Ventas, Inc.",,,9.808991798016011,0.13888820299589444,0.4018064847845347,0.016685476401488982,0.14734606563615232,0.08771692232980076,0.16949700624273178,0.11015527112873552,0.0,1.0552687009674029,0.10349928314133618,10.526061873303195,133.57630437463453,2.680439595975271,20.279803181919455,REIT,
DLR,"Digital Realty Trust, Inc.",,,9.802104875762087,0.056434238080213195,0.5552721447872222,0.02208708198526586,0.29171304557795485,0.15872423730384308,0.40147956824265624,0.0,0.0,0.8573515191250958,0.7103962770885328,10.715873665658584,39.72559405588768,2.267523316555774,18.54054132538363,REIT,
ARE,"Alexandria Real Estate Equities, Inc.",,,9.44105759796935,0.017908350857875455,0.6728455919424661,0.00917181244544828,-0.3361525206481788,3.0,0.4634096164210502,0.0,0.0,0.8248894801380989,0.9392062568865002,9.907860014821383,0.0,0.5228387118578003,56.31956574046331,REIT,
BXP,"BXP, Inc.",,,9.546104940624206,0.03138552553576823,0.605377462637077,0.01523094890290589,0.2978316786219599,0.13324206056036386,0.365282753592113,0.0,0.0,3.3675365606099876,1.0846161527944558,9.976625650609947,34.234151228865606,1.8383148558275046,13.006790029238491,REIT,
HST,"Host Hotels & Resorts, Inc.",,,9.793720556813524,0.07293785081325943,0.5267727930535456,0.008394214576266889,0.17222767419038273,0.04660976991247933,0.16353111432706222,0.09470976041164174,0.0,0.8600182982616651,0.9243058663923918,10.20667220031364,21.038305882352937,2.4541482159194876,11.345402597402597,REIT,
AVB,AvalonBay Communities Inc,,,9.488931121541027,0.04812400697730679,0.627114097094786,0.008553462046946597,0.4323459043484696,0.033868927611891135,0.44404432609216793,0.09459470418616933,0.0,0.8176275950923838,0.0,10.856900415825619,68.41846688251985,6.1946685440319555,36.46057225316099,REIT,
EQR,Equity Residential,,,9.495435680958538,0.03756811041752739,0.6233636082125337,0.004583620266754998,0.47813400242213944,0.07642581944772907,0.3809633528131798,0.1195104078751969,0.0,0.767974076708244,0.0,10.381851856924964,21.50796518069546,2.181844621937655,12.992491778936945,REIT,
UDR,"UDR, Inc.",,,9.234572452617435,0.025726207958653546,0.2707709626632514,0.04961041098592695,0.3510851086568667,0.3025120249799604,0.3667465322004547,0.1502390721924604,0.0,1.825878480578459,0.5671160943380378,10.039239574578698,28.979306646898106,3.328486094034233,13.228736436789145,REIT,
MAA,"Mid-America Apartment Communities, Inc.",,,9.346114438245879,0.014018313942231186,0.295090412257902,0.053462147483686044,0.2916732680707212,0.0587754006766451,0.2905225887548163,0.16497842734366303,0.0,0.9553773164770247,0.47117695240438,10.12422433198768,29.78552307230331,2.3422181505416,14.740499048947695,REIT,
ESS,"Essex Property Trust, Inc.",,,9.284821761201286,0.06327620088604924,0.6789676208547729,0.002391601214369592,0.5092746689132088,0.16985772122024734,0.5142375647079462,0.06603091033842762,0.0,1.2364728446312574,0.7150372239911643,10.23945030695991,25.917437343317413,3.1320811156424795,15.382959979416324,REIT,
CORE,CORE (Synthetic Demo),Technology,Consumer Electronics,11.583521823312012,0.02359691836285105,0.6,0.0,0.2982141226502472,0.008990837819635502,0.2594909792973897,0.028918428845376157,0.010261293815307148,1.7419354838709677,1.28,12.438320794186449,29.5,45.2,23.8,Unknown,
SUZ,Suzano S.A.,,,10.689913803257788,0.12276221806380616,0.3000453437480459,0.10794026585809553,0.5299359507829875,1.1102472005326753,0.11132547715391074,0.235217466401945,0.0,2.321990379586253,0.20751020143361337,10.04647534661173,0.8300518531995633,0.2540281360411275,2.580371479448167,Commodity,
IRM,Iron Mountain Incorporated,,,9.878663722263616,0.12221862507653691,0.5421005911956555,0.011599178885916347,0.15324403117649946,0.023981106625153476,-0.07890040173377194,0.29779538989306537,0.0,0.0,1.5075351106469634,10.51821440060525,200.0,0.0,24.526633168738837,REIT,
AIV,Apartment Investment and Management Company,,,8.16259726112139,0.07460305803245704,0.5159513379317934,0.056578722438440164,0.31469607036090297,1.2838642829151292,-0.6294571937473781,0.6851132307734628,0.0,2.386104302023197,1.0408239380649857,8.451468864187657,0.5104486319355823,0.7815138637236668,7.376089850970461,REIT,
ADC,Agree Realty Corporation,,,8.891881857652395,0.15609984507596386,0.8765639069390394,0.0013184840723473009,0.47513495304831027,0.016446212000978077,0.6848995277174206,0.0,0.0,0.5349904361117113,0.0850214290401546,9.773832151201622,29.070977460716712,0.9473193083893517,15.037884887838743,REIT,
AKR,Acadia Realty Trust,,,8.606581266556708,0.10126038616331812,0.6980697005833948,0.01161898689809622,0.13563250291534898,0.28893684992280055,0.4104347998198849,0.0,0.0,0.8631153098402398,0.7937788206788405,9.248488225820065,104.88281255859374,0.7962179092147137,17.142605167683854,REIT,
ARCC,Ares Capital Corporation,,,9.069668096911595,-0.044052851117641234,0.0,0.0,0.0,0.0,-0.5792163543441227,0.0,0.0,1.116845928202263,0.6399209539584321,9.990709046249767,7.535288683602771,0.6836387763654141,0.0,Bank,
EPR,EPR Properties,,,8.844486495269763,0.009837607996928677,0.9140805275995508,0.0024773459991090712,0.5991111309298195,0.1569522519019157,0.6306002017124096,0.0,0.0,1.3456109491316868,0.7690801203289221,9.62687153644879,15.404227592239648,1.8183193579604076,12.720186286941583,REIT,
EPRT,"Essential Properties Realty Trust, Inc.",,,8.789218884419425,0.24927877245208108,0.9896049794715405,0.0010352900686365553,0.6458405720405047,0.0327833830444663,0.6727518209157951,0.0,0.0,0.6005922865604094,0.5525875812034863,9.566747700344983,14.574875854205118,0.8780091267987525,11.917095036429872,SaaS,
BRX,Brixmor Property Group Inc.,,,9.147246763091802,0.04959634257073331,0.7514988127052296,0.0060284330156437655,0.44542529620580973,0.04670868536218691,0.48826063631590233,0.0,0.0,1.8256121474616038,0.6275857693513699,9.914591322854244,21.26902430994128,2.729302448981897,13.037686617635304,REIT,
FRT,Federal Realty Investment Trust,,,9.125509892408344,0.06286541371129983,0.6753337607708256,0.004284318371134882,0.47480365136144176,0.10967393020752796,0.2465912359335115,0.22601581318984218,0.0,1.5477757315087028,0.45064366445319093,9.938443681746685,21.11156862512376,2.671344686805402,13.946586513551374,REIT,
HTA,HTA (Synthetic Demo),Technology,Consumer Electronics,11.583521823312012,0.02359691836285105,0.6,0.0,0.2982141226502472,0.008990837819635502,0.2594909792973897,0.028918428845376157,0.010261293815307148,1.7419354838709677,1.28,12.438320794186449,29.5,45.2,23.8,Unknown,
GET,GET (Synthetic Demo),Technology,Consumer Electronics,11.583521823312012,0.02359691836285105,0.6,0.0,0.2982141226502472,0.008990837819635502,0.2594909792973897,0.028918428845376157,0.010261293815307148,1.7419354838709677,1.28,12.438320794186449,29.5,45.2,23.8,Unknown,
ROIC,ROIC (Synthetic Demo),Technology,Consumer Electronics,11.583521823312012,0.02359691836285105,0.6,0.0,0.2982141226502472,0.008990837819635502,0.2594909792973897,0.028918428845376157,0.010261293815307148,1.7419354838709677,1.28,12.438320794186449,29.5,45.2,23.8,Unknown,
SRC,SRC (Synthetic Demo),Technology,Consumer Electronics,11.583521823312012,0.02359691836285105,0.6,0.0,0.2982141226502472,0.008990837819635502,0.2594909792973897,0.028918428845376157,0.010261293815307148,1.7419354838709677,1.28,12.438320794186449,29.5,45.2,23.8,Unknown,
NNN,"NNN REIT, Inc.",,,8.979205447163126,0.05757495960259207,0.9609408684213011,0.002583599213596344,0.6410318144962337,0.020758848508720482,0.7060163840012085,0.0,0.0,1.0934876966233258,0.508849372596746,9.870950247896541,19.06048903988691,1.685306550345235,14.202192182873235,REIT,
KIM,Kimco Realty Corporation,,,9.339875391943808,0.09545432865148018,0.6893290488831503,0.0021938915692641344,0.3849468907292876,0.18287370923770144,0.5391100865333354,0.0,0.0,0.7992794536018467,0.6172273913158489,10.138462946495784,23.52336245551449,1.323642375187599,15.058991830430463,REIT,
OHI,"Omega Healthcare Investors, Inc.",,,9.107891074041314,0.11940999519328943,0.9741944089316066,0.001528242141841388,0.7053766115255957,0.12572309075441898,0.6946581498257812,0.0,0.0,0.8214177564352105,0.2396106898129477,10.029789529224388,18.146854698103137,2.0670494870108826,12.826303808227763,SaaS,
NHI,"National Health Investors, Inc.",,,8.635603362385622,0.08371724735242081,0.9751758196237611,0.002873590995584935,0.5184065085669864,0.0569510104299943,0.5754919362490425,0.0,0.0,0.7648906406194238,0.03815592375010679,9.455074613272545,20.056043693705732,1.874089739323831,14.494392336689979,Insurance,
REG,Regency Centers Corporation,,,9.200047076372387,0.08384387033891016,0.7053433139965869,0.0026488522038917027,0.48110425072287266,0.085161324186673,0.5169441000842236,0.0,0.0,0.7728692653278103,0.2724918390156334,10.087042671779068,23.166111448830243,1.7691315693170153,15.143952449865546,REIT,
PK,Park Hotels & Resorts Inc.,,,9.405004665050368,-0.029531686648058053,0.29201101928374656,0.015280312925834339,-0.0011806375442739076,0.7202470451888339,0.031877213695395513,0.12711530893349074,0.0,1.2925582880868731,1.0300320476369444,9.54153916967724,0.0,1.111363430166081,21.905942642192194,ConsumerCyclical,
WRI,WRI (Synthetic Demo),Technology,Consumer Electronics,11.583521823312012,0.02359691836285105,0.6,0.0,0.2982141226502472,0.008990837819635502,0.2594909792973897,0.028918428845376157,0.010261293815307148,1.7419354838709677,1.28,12.438320794186449,29.5,45.2,23.8,Unknown,
STAG,"STAG Industrial, Inc.",,,8.944775228848403,0.09272182376287197,0.7954923557193846,0.003231479790347857,0.48679340829925793,0.08909212812436003,0.4211525642379624,0.11979654619103264,0.0,0.9153593865111549,0.7532441488557943,9.810361962089111,23.62514388031544,1.797127435654339,13.653956915540213,REIT,
PEAK,PEAK (Synthetic Demo),Technology,Consumer Electronics,11.583521823312012,0.02359691836285105,0.6,0.0,0.2982141226502472,0.008990837819635502,0.2594909792973897,0.028918428845376157,0.010261293815307148,1.7419354838709677,1.28,12.438320794186449,29.5,45.2,23.8,REIT,
VNO,Vornado Realty Trust,,,9.26215576402065,-0.00020375725268428901,0.0,0.0,0.7099576066393251,0.5979511422292269,0.21374584690357817,0.0,0.0,1.3171250334281153,1.3406950422050796,9.8110163546186,7.1513720156250855,1.0810030025421236,7.650120678454205,REIT,
WPC,W. P. Carey Inc.,,,9.253198145801722,-0.00716752659312847,0.9019996952143631,0.009986574040052711,0.4637844199046307,0.11510663733478281,0.6818562673360786,0.0,0.0,1.0744535434145532,0.45491583205457753,10.133195923964433,29.139061601641654,1.673913948459626,16.538373699890276,REIT,
MPW,MPW (Synthetic Demo),Technology,Consumer Electronics,11.583521823312012,0.02359691836285105,0.6,0.0,0.2982141226502472,0.008990837819635502,0.2594909792973897,0.028918428845376157,0.010261293815307148,1.7419354838709677,1.28,12.438320794186449,29.5,45.2,23.8,Unknown,
MAC,The Macerich Company,,,9.0026890607667,0.07095815311899467,0.5396442694424927,0.017331171823606675,0.07918278708814645,3.0,0.304947968169698,0.0,0.0,2.097262371108972,1.6366367306129628,9.695596191102279,0.0,2.025957277231018,21.893711595520003,REIT,
WYNN,"Wynn Resorts, Limited",,,9.870018898255292,0.04536100559182721,0.4069509032599642,0.02159831933607451,0.15966771290924367,0.0773903229354201,0.10681527094426665,0.09001642290843975,0.0,0.0,1.004751121001597,9.934623319785585,26.2804139848595,0.0,10.972358025869028,ConsumerCyclical,
WY,Weyerhaeuser Company,,,9.835817354293473,-0.05142659547139217,0.14506713368359603,0.15697499932306733,0.07719044170890658,0.3109652238722958,-0.06523642732049037,0.14506713368359603,0.0,0.5937831529811161,0.7904634996853162,10.131448800180877,41.773781419753085,1.435890640780819,17.915264088291746,Commodity,
HASI,"HA Sustainable Infrastructure Capital, Inc.",,,8.66547967508854,0.11896089839033852,0.27688316065086455,0.21696333455506314,-0.06787481710453382,1.9133226267234984,0.4504938516975882,0.0,0.0,1.849968037320603,1.0978672797919276,9.517810376521245,17.852678613903237,1.2795395665969418,0.0,Insurance,
INVH,Invitation Homes Inc.,,,9.455617977558,0.05929936890162346,0.5637022876432798,0.009999816553143274,0.3455968132441479,0.049193361824041104,0.33509487306476393,0.0851791089420324,0.0,0.8793183557163742,0.7338485840025433,10.2019744991632,27.080289947816382,1.670611948216457,14.301055922384093,REIT,
IVT,InvenTrust Properties Corp.,,,8.501412582104962,0.07542524368825454,0.7256081800931734,0.01049973820179183,0.4878179223114695,0.5241356556089654,0.3790794873572928,0.12742941076347958,0.0,0.4602900802669844,0.25341247601302913,9.312000726739234,18.409147388732823,1.1431806565596327,10.335809716619844,Insurance,
UBA,UBA (Synthetic Demo),Technology,Consumer Electronics,11.583521823312012,0.02359691836285105,0.6,0.0,0.2982141226502472,0.008990837819635502,0.2594909792973897,0.028918428845376157,0.010261293815307148,1.7419354838709677,1.28,12.438320794186449,29.5,45.2,23.8,Unknown,
TCO,TCO (Synthetic Demo),Technology,Consumer Electronics,11.583521823312012,0.02359691836285105,0.6,0.0,0.2982141226502472,0.008990837819635502,0.2594909792973897,0.028918428845376157,0.010261293815307148,1.7419354838709677,1.28,12.438320794186449,29.5,45.2,23.8,Unknown,
VER,VER (Synthetic Demo),Technology,Consumer Electronics,11.583521823312012,0.02359691836285105,0.6,0.0,0.2982141226502472,0.008990837819635502,0.2594909792973897,0.028918428845376157,0.010261293815307148,1.7419354838709677,1.28,12.438320794186449,29.5,45.2,23.8,Unknown,
SBAC,SBA Communications Corporation,,,9.457976008894242,0.018916019640978776,0.7517795794778971,0.015375970317535393,0.610557773523794,0.2166428060484971,0.3660255512568356,0.08137504694104622,0.0,0.0,1.0433857451338786,10.233413556990389,16.245182881689242,0.0,15.996801003435948,REIT,
RPT,Rithm Property Trust Inc.,,,7.012499777538309,0.0,0.0,0.0,0.0,0.0,-1.0,0.0,0.0,1.1481617407469653,0.5869024900146044,7.631365273339292,29.070832133152173,0.14677353654395597,0.0,REIT,
URD,URD (Synthetic Demo),Technology,Consumer Electronics,11.583521823312012,0.02359691836285105,0.6,0.0,0.2982141226502472,0.008990837819635502,0.2594909792973897,0.028918428845376157,0.010261293815307148,1.7419354838709677,1.28,12.438320794186449,29.5,45.2,23.8,Unknown,
VICI,VICI Properties Inc.,,,9.612529985074246,0.05314606849360026,0.9932587434022419,0.0003434271392701047,0.9147495978648648,0.007653189100710901,0.6435404690155515,0.00031750261860345703,0.0,0.6363756059866953,0.5781424054800439,10.338738039346314,7.859554015070476,0.7847478113951399,10.61558248854352,REIT,
APLE,"Apple Hospitality REIT, Inc.",,,9.158545822176203,0.025201855766087577,0.34113513183322597,0.029080134080515865,0.18253083788709318,0.05252661725497763,0.20149062062684645,0.06652607787822919,0.0,0.5239409959045225,0.9845694814321437,9.576908517928002,21.52623488920189,1.1989241725626827,12.024238240951446,REIT,
JPM,JPMorgan Chase & Co.,,,11.289836349658895,0.08331430328630063,0.0,0.0,0.0,0.0,-0.8338882874747962,0.0,0.0,1.379496631147948,0.8895756420379883,11.989133151359606,17.095929881790422,2.690911570796605,0.0,Bank,
BAC,Bank of America Corporation,,,11.06812275454431,0.04904586727914828,0.0,0.0,0.0,0.0,0.48354889171930965,0.0,0.0,1.2066362620076967,1.0839251800386875,11.63329350514902,14.088525170810252,1.4174335910021005,0.0,Bank,
WFC,Wells Fargo & Company,,,10.938499711144742,0.006648840922489185,0.0,0.0,0.0,0.0,0.22086271256739942,0.0,0.0,1.065802768376243,0.7565423209014245,11.489156005807772,14.45447409145187,1.7029299743447606,0.0,Bank,
C,Citigroup Inc.,,,10.959961503042798,0.04461249486997265,0.0,0.0,0.0,0.0,-0.26878159507856964,0.06814119504786552,0.0,1.732080022233632,1.001352080383161,11.396029704727027,17.39848704127639,1.1724602343599118,0.0,Insurance,
GS,"The Goldman Sachs Group, Inc.",,,10.820877670012587,0.12252572107072157,0.0,0.0,0.0,0.0,-0.6270863858133318,0.032566500007552526,0.0,3.089892135838428,1.3950597813237362,11.48041540009018,17.599217909632042,2.418815149120123,0.0,Bank,
USB,U.S. Bancorp,,,10.471042213520949,0.00936251867518223,0.0,0.0,0.0,0.0,0.4233850522259406,0.0,0.0,1.0493918058687282,0.9508023354838353,10.94471239075995,11.630985418438573,1.3505523540499746,0.0,Bank,
MS,Morgan Stanley,,,10.86363805540643,0.1410310954756504,0.0,0.0,0.0,0.0,-0.2543632705022381,0.04099763185632349,0.0,3.319281209688978,1.4928812575297035,11.503476420630538,18.905714370440663,2.8555364949118536,0.0,Bank,
BK,BK (Synthetic Demo),Technology,Consumer Electronics,11.583521823312012,0.02359691836285105,0.6,0.0,0.2982141226502472,0.008990837819635502,0.2594909792973897,0.028918428845376157,0.010261293815307148,1.7419354838709677,1.28,12.438320794186449,29.5,45.2,23.8,Bank,
COF,Capital One Financial Corporation,,,10.791957177724235,0.2052070317803476,0.0,0.0,0.0,0.0,0.479527915011786,0.02827020568956053,0.0,0.4437139135333052,1.031660988057309,10.8706986669103,30.26921225170811,0.6535204342120827,0.0,Bank,
PNC,"The PNC Financial Services Group, Inc.",,,10.39022836246913,0.03580872577797245,0.0,0.0,0.0,0.0,0.304885993485342,0.0,0.0,0.9424940166707931,0.9634602615405891,10.947595596306321,12.778695213379471,1.4629533712965255,0.0,Bank,
TFC,Truist Financial Corporation,,,10.313276515649052,0.00738953883230109,0.0,0.0,0.0,0.0,0.27571456348434764,0.0,0.0,0.9864394299651782,1.0735696635702257,10.789800673491197,11.613191454682495,0.9454234157603277,0.0,Bank,
AXP,American Express Company,,,10.880539214374284,0.09251469853759753,0.0,0.0,0.0,0.0,0.19817779650305456,0.04506793764482831,0.0,1.7254884387883134,1.0299241155776029,11.352115998404651,20.7666888211945,6.72060524586246,0.0,Bank,
BLK,"BlackRock, Inc.",,,10.43614673852661,0.1644547997591015,0.4715191032638558,0.023101168120277193,0.33998183019491246,0.10226235510188456,0.12875929521227883,0.015495073079599986,0.0,0.26832235900372176,1.1233338895341136,11.200539903742225,28.576710177914645,2.839365724627112,17.33245770039107,Bank,
SCHW,The Charles Schwab Corporation,,,10.415390738182573,0.1268958944156635,0.0,0.0,0.0,0.0,0.4145629202689721,0.024130643611911622,0.0,0.6262215477996965,0.5182629495944219,11.25333841502435,20.2440317500113,3.6256989185857362,0.0,Bank,
STT,State Street Corporation,,,10.177709606083182,0.08125316811658867,0.0,0.0,0.0,0.0,0.13409936238044634,0.09663921360255048,0.0,1.0403361948205883,1.102079720206534,10.788269452560193,20.85374955019355,2.2058939127660646,0.0,Bank,
BBT,Beacon Financial Corporation,,,8.903530030013833,0.22036987168316258,0.0,0.0,0.0,0.0,0.269729062163232,0.02134211443149507,0.0,0.35218410126996097,0.4076033691357104,8.961260404897313,10.132395920949142,0.36644197084125746,0.0,Bank,
HBAN,Huntington Bancshares Incorporated,,,9.98600993185326,0.05107346783305711,0.0,0.0,0.0,0.0,0.27708354848703914,0.03914076216048745,0.0,0.7583600361515077,1.0160107079927954,10.344828962013581,10.005532786919945,0.9088091772196204,0.0,Bank,
KEY,KeyCorp,,,9.880642126404284,0.08266528487191005,0.0,0.0,0.0,0.0,0.15782545741740162,0.014742661576938265,0.0,0.5391295814729404,1.0726631871485885,10.27279641247994,10.246668992061235,0.9195406303164712,0.0,Bank,
FITB,Fifth Third Bancorp,,,10.020858281918317,0.022988812186536478,0.0,0.0,0.0,0.0,0.2760198246282882,0.07329393823865803,0.0,0.6425612226109372,1.0070378287261328,10.541127738869873,13.784234621570182,1.600250401196833,0.0,Bank,
SNV,SNV (Synthetic Demo),Technology,Consumer Electronics,11.583521823312012,0.02359691836285105,0.6,0.0,0.2982141226502472,0.008990837819635502,0.2594909792973897,0.028918428845376157,0.010261293815307148,1.7419354838709677,1.28,12.438320794186449,29.5,45.2,23.8,Bank,
SIVB,SIVB (Synthetic Demo),Technology,Consumer Electronics,11.583521823312012,0.02359691836285105,0.6,0.0,0.2982141226502472,0.008990837819635502,0.2594909792973897,0.028918428845376157,0.010261293815307148,1.7419354838709677,1.28,12.438320794186449,29.5,45.2,23.8,Bank,
MTB,M&T Bank Corporation,,,9.992244144046772,0.012372912845209472,0.0,0.0,0.0,0.0,0.3659778071872137,0.02127659574468085,0.0,0.4459334407238578,0.8186924237089752,10.569341138269893,13.011995995699754,1.2714535621804846,0.0,Bank,
CMA,CMA (Synthetic Demo),Technology,Consumer Electronics,11.583521823312012,0.02359691836285105,0.6,0.0,0.2982141226502472,0.008990837819635502,0.2594909792973897,0.028918428845376157,0.010261293815307148,1.7419354838709677,1.28,12.438320794186449,29.5,45.2,23.8,Bank,
DFS,DFS (Synthetic Demo),Technology,Consumer Electronics,11.583521823312012,0.02359691836285105,0.6,0.0,0.2982141226502472,0.008990837819635502,0.2594909792973897,0.028918428845376157,0.010261293815307148,1.7419354838709677,1.28,12.438320794186449,29.5,45.2,23.8,Bank,
NTRS,Northern Trust Corporation,,,9.930786076526747,0.0926247718249893,0.0,0.0,0.0,0.0,-0.02555472158371253,0.08762959140592015,0.0,1.0799743785644278,1.4391942216827973,10.552967522653855,20.568030492601764,2.75697544838284,0.0,Bank,
RF,Regions Financial Corporation,,,9.881783955593384,-0.0033053570961455447,0.0,0.0,0.0,0.0,0.22974924510962322,0.0036759879217539712,0.0,0.25647219450716796,1.2099634615268855,10.403544642609297,11.746159291836737,1.3298702637819673,0.0,Bank,
PBCT,PBCT (Synthetic Demo),Technology,Consumer Electronics,11.583521823312012,0.02359691836285105,0.6,0.0,0.2982141226502472,0.008990837819635502,0.2594909792973897,0.028918428845376157,0.010261293815307148,1.7419354838709677,1.28,12.438320794186449,29.5,45.2,23.8,Bank,
FRC,FRC (Synthetic Demo),Technology,Consumer Electronics,11.583521823312012,0.02359691836285105,0.6,0.0,0.2982141226502472,0.008990837819635502,0.2594909792973897,0.028918428845376157,0.010261293815307148,1.7419354838709677,1.28,12.438320794186449,29.5,45.2,23.8,Bank,
CFG,"Citizens Financial Group, Inc.",,,9.940815208650802,0.0013973699820686303,0.0,0.0,0.0,0.0,0.2696539078615631,0.014554205821682329,0.0,0.4286962799711213,1.119620096929195,10.500627647131353,17.295746162829055,1.2033480725059846,0.0,Bank,
SYF,Synchrony Financial,,,10.17701676709247,0.048504440432006746,0.0,0.0,0.0,0.0,0.6448908994145822,0.0,0.0,0.9055230824287248,1.27404320939657,10.497631924808289,8.854396538949887,1.8758688122599307,0.0,Bank,
ALLY,Ally Financial Inc.,,,9.983581186705791,-0.016677100323823746,0.0,0.0,0.0,0.0,0.07913594350399834,0.3950565998546059,0.0,1.3772099625758163,1.12524310164384,10.054895842664209,13.318528607828638,0.7321839188198477,0.0,Bank,
ZION,"Zions Bancorporation, National Association",,,9.572639297042814,0.042438184055171746,0.0,0.0,0.0,0.0,0.449438202247191,0.03237025147137507,0.0,0.48356545961002784,1.0144348555519644,9.97271669078143,10.446167830923248,1.3079533259052925,0.0,Bank,
CFR,"Cullen/Frost Bankers, Inc.",,,9.361535570951194,0.060574116822668334,0.0,0.0,0.0,0.0,0.2355233751286439,0.07747777059585503,0.0,0.048774162285186475,0.5350845756272196,9.999023996078604,15.384232862801571,2.1818222976595854,0.0,Insurance,
HOMB,"Home BancShares, Inc.",,,9.04501573394331,0.049811722668742675,0.0,0.0,0.0,0.0,0.38754524596223455,0.020083572616670348,0.0,0.1814145688804714,0.5553039059222952,9.765850569603517,12.267439897484651,1.3573700239779134,0.0,Bank,
TCBI,"Texas Capital Bancshares, Inc.",,,9.122974656782741,0.08054515647204452,0.0,0.0,0.0,0.0,0.35549156682239436,0.01228267248893821,0.0,0.2535054147429271,0.9679528122784713,9.660292895822366,13.850261076295103,1.2595660877539185,0.0,Bank,
EWBC,"East West Bancorp, Inc.",,,9.486844879990358,0.06325797587418802,0.0,0.0,0.0,0.0,0.6086398433339005,0.03667885079366321,0.0,0.3566444496933545,1.103167898188764,10.250152209998824,13.423776583896021,1.9989463823452933,0.0,Bank,
INDB,Independent Bank Corp.,,,8.995790898542275,0.08431187697262188,0.0,0.0,0.0,0.0,0.3067556583245402,0.018096541139288436,0.0,0.23160684157625036,0.7010396096177413,9.56277300173605,17.81397175476058,1.0247661948079048,0.0,Bank,
IBOC,International Bancshares Corporation,,,8.934027542010435,0.00522367367054799,0.0,0.0,0.0,0.0,0.5271061196552543,0.02005894760368213,0.0,0.03665844721952444,0.8341617991421262,9.637488332138748,10.526460637847356,1.3347076260518544,0.0,Bank,
OZK,Bank OZK,,,9.240225903026221,0.05174064325548078,0.0,0.0,0.0,0.0,0.4384970423389822,0.05939765515139141,0.0,0.07562630804566049,0.7900203870296889,9.738205484439934,7.64905856521496,0.8928028466336294,0.0,Bank,
PFG,"Principal Financial Group, Inc.",,,10.195711509593393,0.06929966646307073,0.0,0.0,0.0,0.0,0.30919124206662757,0.010182754313970381,0.0,0.3327190568752682,0.9712734451112365,10.435561855344778,23.00418530081849,2.294049933102769,0.0,Insurance,
PRU,"Prudential Financial, Inc.",,,10.812003727012915,0.059955197946120364,0.0,0.0,0.0,0.0,0.16910767143561914,0.0,0.0,0.7077501695542265,0.5536751647656065,10.614975250376457,11.523323129362415,1.2703435326037362,0.0,Insurance,
MET,"MetLife, Inc.",,,10.890225346582284,0.05529129112745412,0.0,0.0,0.0756338065403019,0.2701062241358089,0.20032189531964206,0.0,0.0,0.7107190647228678,0.9812605892788249,10.866702309948682,21.772791723592782,2.5906846691323335,11.07664297050502,Insurance,
AFL,Aflac Incorporated,,,10.262118715431876,-0.04024510851592156,0.0,0.0,0.2738692019590896,0.10181639028784363,0.1447555506945204,0.0,0.0,0.285147507629705,0.328693514096905,10.836486497807401,18.82217614920461,2.327082205493388,0.0,Insurance,
UNM,Unum Group,,,10.12205196263325,0.027069499778308526,0.0,0.0,0.0879768332036876,0.29793492453719117,0.05232163080407701,0.010373725934314836,0.0,0.3388403737712585,0.7526971807393327,10.243413048092176,23.717152628855786,1.5752279605732478,16.69526374489054,Insurance,
LNC,Lincoln National Corporation,,,10.289098199056616,0.25148703283600726,0.0,0.0,0.085323301711918,1.4822428369308327,-0.06824956316168157,0.0,0.0,0.5896754080322758,0.8707735356319682,9.833758048308914,5.794041285726423,0.6253059410691363,0.0,Insurance,
BRK-B,Berkshire Hathaway Inc.,,,11.623534590183485,-0.03334983822895787,0.0,0.0,0.2132114722231695,0.12176147577321524,0.05053583835384366,0.05161132208358317,0.0,0.17992414474665433,0.0833035535768432,8.865539113065223,0.010956498513469118,0.0010227423478469345,0.7716301809081818,Insurance,
PGR,The Progressive Corporation,,,10.959132059725992,0.18811205855309288,0.0,0.0,0.1654666408024008,0.26634936569205403,0.17524912380931454,0.0042628462189213245,0.0,0.2274511097186954,0.17797795099970667,11.089941544746583,10.878167580474,4.056667183326188,8.760788375860672,Insurance,
TRV,"The Travelers Companies, Inc.",,,10.690009913926398,0.08636549051034992,0.0,0.0,0.16836651101826822,0.24172238909385885,0.22511688682904918,0.0,0.0,0.2817231105976774,0.26452731915601635,10.922435821401528,13.30219433842239,2.5428405788289656,10.358521289742725,Insurance,
ALL,The Allstate Corporation,,,10.841027677930903,0.08864737919121168,0.0,0.0,0.2021052945474064,0.8240586904521775,0.1766334520599305,0.0031724515840627567,0.0,0.24469127736033977,0.2071192401273398,10.769699382234709,5.722974129546781,1.9223658934988566,4.6773256393816345,Insurance,
RE,RE (Synthetic Demo),Technology,Consumer Electronics,11.583521823312012,0.02359691836285105,0.6,0.0,0.2982141226502472,0.008990837819635502,0.2594909792973897,0.028918428845376157,0.010261293815307148,1.7419354838709677,1.28,12.438320794186449,29.5,45.2,23.8,Insurance,
AIG,"American International Group, Inc.",,,10.425876434887932,-0.021053466154269285,0.0,0.0,0.15966982893852244,0.12282194914717358,0.14440568620831926,0.0,0.0,0.22341330610855878,0.07184094530502771,10.740427554317222,17.767511381162794,1.3371305874250712,8.140390069350582,Insurance,
HIG,"The Hartford Insurance Group, Inc.",,,10.45676066694257,0.07413257522020933,0.0,0.0,0.17665918563642194,0.10966938824234077,0.2022287431006777,0.00426185984769091,0.0,0.2303071816217925,0.45033335492121385,10.599006755748022,10.35447674932221,2.0928274835555087,8.20873441837535,Insurance,
CINF,Cincinnati Financial Corporation,,,10.11153134343051,0.12314740878816632,0.0,0.0,0.24012350566067614,0.04138594297427097,0.26601175742574257,0.0014696782178217822,0.0,0.05568474640186035,0.4941107750416959,10.40555713738617,10.631987045549518,1.5990412293381937,7.7779896907216495,Insurance,
RGA,"Reinsurance Group of America, Incorporated",,,10.412930708529595,0.1346362565420287,0.0,0.0,0.08047966896085798,0.1358920089380638,0.20090424298632042,0.0,0.0,0.4241883961072729,0.5690744861067488,10.220884755088367,14.069131165211505,1.235399527321893,9.323608536316058,Insurance,
MKL,Markel Group Inc.,,,10.221920254658897,0.019521538296449092,0.0,0.0,0.17991817832276583,0.11766972983037224,0.12707803533070244,0.012425933945716498,0.0,0.23141560734531627,0.4374191406666903,10.367694410912577,11.06694659256482,1.2538161668536787,7.1982394655041055,Conglomerate,
MAF,MAF (Synthetic Demo),Technology,Consumer Electronics,11.583521823312012,0.02359691836285105,0.6,0.0,0.2982141226502472,0.008990837819635502,0.2594909792973897,0.028918428845376157,0.010261293815307148,1.7419354838709677,1.28,12.438320794186449,29.5,45.2,23.8,Unknown,
SLF,Sun Life Financial Inc.,,,10.608515336537035,0.02838356500896433,0.0,0.0,0.13847634405805395,0.06729237614893852,0.11185004556762482,0.0032266804601098547,0.0,0.7448866338988426,0.6676354378530246,10.663448424801707,12.302591471711613,1.8262725963833835,0.0,Insurance,
GNW,"Genworth Financial, Inc.",,,9.855337404469541,-0.018140388150306608,0.0,0.0,0.0757106670419364,0.22353403614447978,0.05999720943211943,0.0,0.0,0.17291428571428571,0.8624398620205469,9.674608570517314,21.198430493273545,0.5402571428571429,0.0,Unknown,
GL,Globe Life Inc.,,,9.791828001868941,0.04898663376332646,0.0,0.0,0.26311517006605256,0.04088977733211801,0.19902832028253423,0.025711253209404844,0.0,0.43943665319347186,0.780981635321026,10.20487569756151,13.802395205461758,2.6826770226990053,0.0,Insurance,
L,Loews Corporation,,,10.264794219407156,0.0767225953750803,0.0,0.0,0.14964788732394366,0.052787279791027,0.09598347736290015,0.04396978096635687,0.0,0.5078133361875201,0.20607445788966944,10.398268972878448,15.008364652507499,1.3389138325874985,10.214097259978978,Insurance,
AFG,"American Financial Group, Inc.",,,9.9123814989188,0.02492235730777037,0.0,0.0,0.142030056664203,0.018737764466569173,0.191606509237734,0.0,0.0,0.3775933609958506,0.5409563661273138,10.073787144275114,14.075863699049881,2.458895691825726,9.640740302340598,Bank,
CNO,"CNO Financial Group, Inc.",,,9.667135288086842,0.040257479016031716,0.0,0.0,0.11683825823416677,0.17299215401709234,0.15041105324323162,0.0,0.0,1.5357819725570465,0.6036445346121407,9.789476197493894,26.85790558307894,2.3343634865438556,10.980206158281918,Bank,
BHF,"Brighthouse Financial, Inc.",,,9.802842112739075,0.2719963378659169,0.0,0.0,0.09795024252855578,3.0,-0.08471106912297276,0.0,0.0,0.4661643026004728,0.3419359518601232,9.533424911190286,7.887457185588915,0.5046201184042554,0.0,Insurance,
EQH,"Equitable Holdings, Inc.",,,10.025919998502017,0.05603066471497686,0.0,0.0,-0.08306900985855122,1.733249135150289,0.12444653791804051,0.004898728214790391,0.0,0.0,1.0377618724474051,10.283706230256971,0.0,0.0,0.0,Conglomerate,
IHC,IHC (Synthetic Demo),Technology,Consumer Electronics,11.583521823312012,0.02359691836285105,0.6,0.0,0.2982141226502472,0.008990837819635502,0.2594909792973897,0.028918428845376157,0.010261293815307148,1.7419354838709677,1.28,12.438320794186449,29.5,45.2,23.8,Unknown,
AIZ,"Assurant, Inc.",,,10.12892243343681,0.07292322796985418,0.0,0.0,0.09341907088174929,0.05254281518590454,0.12303622122144439,0.015985196415035447,0.0,0.3758600722120035,0.8748376886587634,10.149915195177227,16.18267153537298,2.4052417482321684,10.016873366678183,Insurance,
FNF,"Fidelity National Financial, Inc.",,,10.175656747281664,0.10784656745075138,0.0,0.0,0.11591230551626591,0.2581716053747706,0.36222889556222887,0.009009009009009009,0.0,0.6422413793103449,0.6586160804738002,10.029013709995164,17.75894731129568,1.4400439495420259,5.2693863396697544,Insurance,
PRO,PRO (Synthetic Demo),Technology,Consumer Electronics,11.583521823312012,0.02359691836285105,0.6,0.0,0.2982141226502472,0.008990837819635502,0.2594909792973897,0.028918428845376157,0.010261293815307148,1.7419354838709677,1.28,12.438320794186449,29.5,45.2,23.8,Unknown,
KNSL,"Kinsale Capital Group, Inc.",,,9.300161407280104,0.23712315755101887,0.0,0.0,0.3441582038722787,0.027407951167317573,0.5013872717689944,0.017471407872930115,0.0,0.11451262845207373,1.0504371037270548,9.881579117388778,15.117546836902868,3.8852185555396233,11.792649816251833,Insurance,
HCI,"HCI Group, Inc.",,,8.978951150767207,0.2804482482677353,0.0,0.0,0.4862525311444433,0.35726224233948056,0.4296963647108343,0.0021035196165800174,0.0,0.06519882775241409,0.1360904740640148,9.199839384519604,5.298597543519339,1.5217963306268412,0.9830002434940394,Insurance,
MCY,Mercury General Corporation,,,9.802245342941037,0.13770501663026846,0.0,0.0,0.11552368740225231,0.48370308455658556,0.19926039204519386,0.010067359067615916,0.0,0.24277543928597284,0.788238064068638,9.753030622887618,10.46544994030612,2.3426346485195104,6.4307623742116435,Insurance,
RLI,RLI Corp.,,,9.2954342625012,0.11580026506632568,0.0,0.0,0.2716351261761281,0.04282073008546306,0.26186033602175046,0.003556024222091212,0.0,0.05623677029978698,-0.05270711281920273,9.706475043192805,12.612668447873615,2.860852152271178,9.886250652128716,Insurance,
ORI,Old Republic International Corporation,,,9.987487506133093,0.12193209419230322,0.0,0.0,0.13729203152364272,0.09331933154058385,0.1317311650885138,0.0,0.0,0.26882884101592885,0.24533641183341595,10.053126249639782,12.081723270215951,1.910995290161994,0.0,Insurance,
SIGI,"Selective Insurance Group, Inc.",,,9.738064095190351,0.12296167443262718,0.0,0.0,0.11971303452369532,0.2817036106868246,0.2173290389066503,0.007955266409027873,0.0,0.2498972700004849,0.5234836536734311,9.713020414942182,11.072651483348377,1.430989810403231,9.032224296741454,Insurance,
WRB,W. R. Berkley Corporation,,,10.173707895381087,0.09945084955149186,0.0,0.0,0.1644439662974689,0.0477935468443627,0.23258597871671943,0.00892886649581607,0.0,0.29273046870892744,0.22094264306918543,10.437315812532281,15.383016082922193,2.8216780241624986,11.729015557945145,Insurance,
PXD,PXD (Synthetic Demo),Technology,Consumer Electronics,11.583521823312012,0.02359691836285105,0.6,0.0,0.2982141226502472,0.008990837819635502,0.2594909792973897,0.028918428845376157,0.010261293815307148,1.7419354838709677,1.28,12.438320794186449,29.5,45.2,23.8,Commodity,
XOM,ExxonMobil Holdings Corporation,,,11.557579377816175,-0.01625414330231678,0.20630920068686645,0.05846358847278623,0.1292693845417638,0.08720142916280739,0.08462028471722151,0.08080097490721763,0.0,0.16784637567177874,-0.5188878857082907,11.82574332899127,23.21067882401886,2.5810522541694616,10.34929889190145,Commodity,
COP,ConocoPhillips,,,10.80171234048059,0.024659875377735396,0.2767858552371931,0.10447667190805453,0.23563042888165037,0.11046934386495263,0.15887599652695555,0.18724445496882153,0.0,0.36354614108269884,-0.49346448681511595,11.190678314890462,19.419599039308963,2.405504320653775,6.7293999658193195,Commodity,
OXY,Occidental Petroleum Corporation,,,10.335878952134841,-0.03433893339301197,0.4400350699090951,0.03061788507731472,0.19131199925901912,0.06704329490835934,0.22117115038530755,0.28531216833556367,0.0,0.6480268635177887,-0.46811076340950547,10.718201045305213,22.469392720343937,1.4504026049708607,6.314026703319615,Commodity,
CVX,Chevron Corporation,,,11.31954533892366,-0.032210416241427176,0.32359578555993695,0.017651937391961636,0.11364622191376765,0.1232716722692204,0.1294229820181974,0.08772417361806517,0.0,0.21860016090104586,-0.16355471002439598,11.594312626222662,31.947937394476785,2.107415832741593,10.319257358443876,Commodity,
EOG,"EOG Resources, Inc.",,,10.425485310708032,-0.01302591216583704,0.6537522994331193,0.050286466603205286,0.29213532902311573,0.1507755716864775,0.24830123512407554,0.2531816646018696,0.0,0.2818355512352093,-0.2626353073899283,10.91954106389072,16.68444332869076,2.7851214352187177,7.967130383150661,Commodity,
SLB,SLB N.V.,,,10.560695534393654,0.03810020208840004,0.16534675246109004,0.049826411051648006,0.1357959000784138,0.10848327305858947,0.12522686025408347,0.054418962767420115,0.0,0.44567007545290893,0.9682314015001031,10.840231514022475,20.515704534700653,2.651192581105366,11.184246493256683,Commodity,
HAL,Halliburton Company,,,10.349724222634396,-0.018283398166732745,0.15076207929200375,0.0832557705666745,0.09569960331770645,0.21923459210889354,0.07710186385375228,0.045814150985562956,0.0,0.7774591339260108,0.7734519890377948,10.458315974213312,22.391816056118472,2.746267087276551,10.633844737649586,Commodity,
BKR,Baker Hughes Company,,,10.442871554821197,0.04274291613400649,0.2357078449053201,0.008120384574579165,0.11174413154004255,0.04990269835142124,0.11282236248872858,0.047177637511271416,0.0,0.3231920993947117,1.154384582837514,10.75078600772611,21.768160741885623,2.9911861527025594,13.694425005831583,Commodity,
MPC,Marathon Petroleum Corporation,,,11.18632617975138,-0.05431259467772487,0.10336834291593142,0.22753583498316712,0.06350462324508852,0.2970839353104448,0.08399044127701413,0.02752365263027667,0.0,1.9844056832621,0.3494713214193833,11.282707785268746,47.37776624660242,11.074149243386854,19.04639664326083,Commodity,
VLO,Valero Energy Corporation,,,11.144253427295236,-0.07941056562820459,0.07996585292366407,0.41075818821638,0.02902508008183426,0.5245799737727995,0.07259840599152062,0.005652919359814056,0.0,0.49327713382507904,0.20159534179517985,11.179539912245838,64.39346865438671,6.372849922044257,23.546787379148682,Commodity,
MRO,MRO (Synthetic Demo),Technology,Consumer Electronics,11.583521823312012,0.02359691836285105,0.6,0.0,0.2982141226502472,0.008990837819635502,0.2594909792973897,0.028918428845376157,0.010261293815307148,1.7419354838709677,1.28,12.438320794186449,29.5,45.2,23.8,Commodity,
PSX,Phillips 66,,,11.182320478506638,-0.0523295072558555,0.11266568966990215,0.17645296552276016,0.049147881791261255,0.382225128870031,0.04201962317716719,0.01663304132959183,0.0,0.6776887911181384,0.40581834056350397,11.090797497823297,27.992959277592547,4.236517364975767,14.538587649814492,Commodity,
HES,HES (Synthetic Demo),Technology,Consumer Electronics,11.583521823312012,0.02359691836285105,0.6,0.0,0.2982141226502472,0.008990837819635502,0.2594909792973897,0.028918428845376157,0.010261293815307148,1.7419354838709677,1.28,12.438320794186449,29.5,45.2,23.8,Commodity,
CTRA,CTRA (Synthetic Demo),Technology,Consumer Electronics,11.583521823312012,0.02359691836285105,0.6,0.0,0.2982141226502472,0.008990837819635502,0.2594909792973897,0.028918428845376157,0.010261293815307148,1.7419354838709677,1.28,12.438320794186449,29.5,45.2,23.8,Commodity,
OIH,OIH (Synthetic Demo),Technology,Consumer Electronics,11.583521823312012,0.02359691836285105,0.6,0.0,0.2982141226502472,0.008990837819635502,0.2594909792973897,0.028918428845376157,0.010261293815307148,1.7419354838709677,1.28,12.438320794186449,29.5,45.2,23.8,Unknown,
FANG,"Diamondback Energy, Inc.",,,10.22998883654481,0.33800695865807673,0.3706866093510776,0.20076686798926827,0.14327818340143345,0.44562698709488857,0.21681780708985984,0.38046166529266284,0.0,0.4024396840852537,0.17822118445205992,10.52137862686612,19.962976931412257,0.8984743485305096,6.687110716715899,Commodity,
DVN,Devon Energy Corporation,,,10.293936813887294,0.06136281313398362,0.26839804838381787,0.13124855917887657,0.23056783802653014,0.14946818030821415,0.0750660703394999,0.3596259402317544,0.0,0.5529366306027821,-0.198680768487902,10.492976086249419,11.777233156699472,2.003828567748583,5.063171473934903,Commodity,
APA,APA Corporation,,,9.944778681123507,0.037990756105097834,0.5148762207585738,0.0961681589512892,0.34405829596412557,0.26538713058221497,0.2387008857597093,0.2754939813763343,0.0,0.7533234859675036,-0.5389054912272786,10.133823138623603,9.490169894225941,2.2335308761398327,3.291067118615299,Commodity,
WMB,"The Williams Companies, Inc.",,,10.08650219897037,0.04672186457379435,0.6325794821370042,0.026784500935719838,0.42401673640167364,0.10274354190510104,-0.014257620452310717,0.5054080629301868,0.0,2.2950730069493246,0.3421509309900569,10.934082743628327,32.81807486631016,6.708653080346686,15.5446074993256,Commodity,
KMI,"Kinder Morgan, Inc.",,,10.254282150450832,0.050970472035187786,0.5280360821872042,0.023611261070933292,0.27891598275963864,0.019853472028706486,0.17584498023275238,0.18926443565900106,0.0,1.0198960272126307,0.15189779137615556,10.844076048646906,22.85192019627618,2.241045764707657,14.149988591308347,Commodity,
ET,Energy Transfer LP,,,11.030919355144968,0.04328238947981489,0.1790573575838851,0.0409419619288599,0.11143845866068089,0.07196261317744589,0.048603544454688535,0.06425837454250831,0.0,0.0,0.5988579242067589,10.801700662210363,14.289036016803518,0.0,8.687018316188379,Commodity,
EPD,Enterprise Products Partners L.P.,,,10.766940521420114,0.028567118279499093,0.13245882574267587,0.027931154267290887,0.13892691459426573,0.0280149807679659,0.05917463357903918,0.09235347437191087,0.0,0.0,0.4049945603846072,10.895089645222576,13.508732995263157,0.0,11.665916265260645,Commodity,
TRGP,Targa Resources Corp.,,,10.223794367189985,0.02969551164845119,0.3331780306424156,0.06728528262810189,0.1960970854401203,0.08528745269420185,0.04425529373114715,0.21172535316429233,0.0,5.7113986766191855,0.4214664044260745,10.80403809148621,33.117596255049406,20.758544150220022,16.694003007201562,Utilities,
ENB,Enbridge Inc.,,,10.839157393303836,0.22212791718840585,0.3062607713362974,0.08447218489185941,0.2267846734362058,0.09223005514232517,0.0240698634303176,0.14333299540905733,0.0,1.6885437890042192,0.04722355636255682,10.968899531300996,12.42681217460953,1.493418414002214,9.647229286902084,Utilities,
CNQ,Canadian Natural Resources Limited,,,10.710946220048527,0.03999839880823508,0.26292851861940153,0.12301943429847495,0.32331831457875787,0.17303518798837234,0.19068835363243705,0.15588155181135452,0.0,0.374543569399991,-0.17692282317766245,11.028666297804927,9.87277039556377,2.407775676869675,5.6091458710650155,Commodity,
SU,Suncor Energy Inc.,,,10.78339612982901,0.0016364038793570401,0.4457178613183158,0.012068369771623096,0.16593161120339078,0.1402875794297441,0.17005055245434636,0.09005582176554859,0.0,0.32142540554915344,-0.13248542392015233,10.968643862693217,15.720592194126395,2.0617512765898414,6.656530057335811,Commodity,
IMO,Imperial Oil Limited,,,10.703050514397928,-0.032591132362192465,0.13322238072594705,0.0795473894728759,0.09486096055571533,0.14397943629979051,0.09975828181962276,0.04241955935964495,0.0,0.18630358587220275,0.0634921942418936,10.865792783447642,22.465223084455328,3.2990181109014114,11.128636819571865,Commodity,
TECK,Teck Resources Limited,,,10.145848756590544,0.28875978802457736,0.35987420484597243,0.17248275358470103,0.2215507623651915,1.4520461434833798,0.13758844971767564,0.19462511614609393,0.0,0.38281000956327704,1.398011647554067,10.546796524480307,25.13960150012848,1.4034340811954098,9.61729026610628,Commodity,
FCX,Freeport-McMoRan Inc.,,,10.41276285227508,0.06484156190392754,0.2706046080098964,0.04369845860175667,0.26011962184063286,0.04179549785511126,0.06811504561620535,0.15996598113499305,0.0,0.5551616487644849,0.6417080222158642,11.012909741612557,46.7410163339383,5.450933911847188,12.207590428491933,Commodity,
SCCO,Southern Copper Corporation,,,10.198313363563388,0.16453032756098418,0.5815170229612034,0.078740986977156,0.5330551415797318,0.08515128100497585,0.32306571654790184,0.10365795724465558,0.0,0.6716282693579511,0.7945927064762762,11.23939154790011,40.03247715912247,15.721617419400078,22.02015522775866,Commodity,
X,X (Synthetic Demo),Technology,Consumer Electronics,11.583521823312012,0.02359691836285105,0.6,0.0,0.2982141226502472,0.008990837819635502,0.2594909792973897,0.028918428845376157,0.010261293815307148,1.7419354838709677,1.28,12.438320794186449,29.5,45.2,23.8,Commodity,
NUE,Nucor Corporation,,,10.557519232057095,-0.03250382100538085,0.15470485582116839,0.2943412183667373,0.08426170985412691,0.36294035006528436,0.04384920085316196,0.0786958810005263,0.0,0.34013183034008404,1.8790252967010443,10.784882368611918,34.94104487958715,2.910641109572029,15.599379390706495,Commodity,
CLF,Cleveland-Cliffs Inc.,,,10.283188116453424,-0.08018321360664127,-0.010523573847356082,2.0,-0.07576571735626009,2.1365062761239733,-0.0446470435009117,0.03157072154206825,0.0,1.1859058207979072,2.641350441677201,9.764252192167424,0.0,0.9501336851340745,0.0,Commodity,
STLD,"Steel Dynamics, Inc.",,,10.312572486204674,-0.01659755850568234,0.1465219913375145,0.20577771467905814,0.08599053914484796,0.2947718256870602,0.04652504898319162,0.029992631463427198,0.0,0.4701437349380642,1.637024237414157,10.603355083788424,33.83909383420983,4.479027048280363,20.601902689538047,Commodity,
ALB,Albemarle Corporation,,,9.771433429664794,-0.2687386885238615,0.23812353755240437,0.6147869727449025,-0.06697256108765515,1.2856333453512925,0.2272162851664482,0.07751581609992308,0.0,0.3458014038065258,1.4539422876076027,10.088299179790283,0.0,1.285443400100594,44.33726363219795,Commodity,
AA,Alcoa Corporation,,,10.133634698058927,0.10276618614384714,0.1878997280011762,0.33411399056909213,0.09523809523809523,1.9773934960963195,0.025876644857751967,0.05138572373741086,0.0,0.44246485779666556,1.4283894637591423,9.870629385309913,6.4164679061797765,1.2134444863435765,4.625394779105691,Commodity,
MOS,The Mosaic Company,,,10.08806163183574,-0.06192338599961855,0.10983107308191609,0.07419980544285759,0.12067306096711028,0.338898466675931,-0.0773275418643196,0.1135786542999208,0.0,0.43686749580054446,0.25774850041639363,9.853955724512142,13.212936716497133,0.591170376470637,4.850511073996726,Commodity,
CCJ,Cameco Corporation,,,9.540907565115083,0.15997432098351383,0.269026961781742,0.10130223873685283,0.25071705859934695,0.276733718278546,0.15999466992380754,0.1110558213238735,0.0,0.14432791669799197,1.6307348527639038,10.566342293776268,62.48873900203027,5.3368080563922256,31.49320821371543,Commodity,
CF,"CF Industries Holdings, Inc.",,,9.888684846659698,0.033593482883890635,0.42486109316449155,0.04796958250101096,0.3365330321852061,0.04903443191406969,0.24602661842615325,0.13864840418658742,0.0,0.7515502273666804,0.039984831409100766,10.352114232077623,15.461486257072165,4.6499509103017775,7.358459020121877,Commodity,
CTVA,"Vylor, Inc.",,,10.252586064065401,0.005066695241265906,0.4856056794678294,0.04660116111035542,0.10735015229009827,0.13687318020114472,0.11437196042260607,0.03231035832075577,0.0,0.10685884691848907,0.5653862069361795,9.929620926828301,7.773267349177331,0.35221812789927104,2.137074073591664,Commodity,
FMC,FMC Corporation,,,9.512043686267807,-0.12090943927206677,0.3533156988188976,0.039980526144585506,-0.4749956739920401,3.0,0.02608267716535433,0.02202263779527559,0.0,2.026937002172339,-0.06009289707700536,9.023637261634676,0.0,0.5097442364277094,0.0,Commodity,
NTR,Nutrien Ltd.,,,10.450326104061412,-0.03808409221159692,0.31019322815103706,0.0312965325136507,0.140524456016366,0.28005671216592914,0.07399397269987591,0.07434851976599893,0.0,0.4746278087114481,0.1478314777670959,10.550688853874831,15.676075040273489,1.4033748811870632,7.622525153131609,Commodity,
DOW,Dow Inc.,,,10.616149802205346,-0.053584831154384505,0.09888913090829884,0.22706490574138644,-0.04118294635708567,2.672696376715846,0.038698903652072895,0.05486580023717902,0.0,1.224262868565717,-0.5663011495639683,10.294807605315897,0.0,1.2316024089455273,29.88004323434343,Commodity,
DD,"DuPont de Nemours, Inc.",,,9.672190251188253,0.017610285163488726,0.2937672835566901,0.0221335501050132,0.07490144546649144,0.4794815819935425,0.1376302914273559,0.1169963837481387,0.0,0.2294705079387887,0.9115871382980633,10.297738569336962,0.0,1.4260361483051942,19.248273403672414,Commodity,
ASH,Ashland Inc.,,,9.26528962586083,-0.08758749630141383,0.31541802388707924,0.017302475037949152,-0.4100877192982456,2.2320621339471938,0.11183496199782844,0.046145494028230184,0.0,0.782563025210084,0.04752184049671517,9.574503523263578,0.0,1.9716806722689075,0.0,Commodity,
APD,"Air Products and Chemicals, Inc.",,,10.100446367693577,-0.022584392471007297,0.32056307628826713,0.03406160280344188,-0.018833127030147955,0.8380677504884905,-0.023916459030962848,0.3866150354699973,0.0,1.225046422937923,0.4916382726236847,10.789409829136293,0.0,4.098248031515684,58.411937830818694,Commodity,
EMN,Eastman Chemical Company,,,9.936463474004746,-0.025181327588295055,0.19770806806343327,0.06073400310721441,0.08992230347349178,0.19080036563247937,0.05764556082879963,0.058108577381641394,0.0,0.8030531789968126,0.6506792513450022,9.886848885186904,16.258128190485234,1.2927952964754237,9.174886740223078,Commodity,
PPG,"PPG Industries, Inc.",,,10.215399601093889,-0.011362422037759834,0.40904938797880763,0.01237645914370351,0.144,0.07666312691231458,0.08568296693258633,0.046099506729188236,0.0,0.994333207404609,0.6254248037738791,10.393013737613439,15.684024948540609,3.1127091448054403,10.821259175159915,Commodity,
LYB,LyondellBasell Industries N.V.,,,10.49404322217993,-0.04893867779784411,0.1275968196973583,0.22072029410198787,-0.007561436672967865,0.8354618548585766,0.050589894844832006,0.04472300589894845,0.0,1.4515969053759175,-0.5068771978646364,10.28096696741352,0.0,1.8941757587780204,26.066333907056798,Commodity,
NEE,"NextEra Energy, Inc.",,,10.457897028682284,-0.012563807607248956,0.6102574823176893,0.025581030384397324,0.33204436013424776,0.06014738852344177,0.10619839029998955,0.37472561931640014,0.0,1.751007178435394,0.3742041327378509,11.183728700297907,22.335217264081933,2.795583247875769,15.300642647883812,Utilities,
DUK,Duke Energy Corporation,,,10.521791649639123,0.053245238953974816,0.5127218045112782,0.03257174362628761,0.28991531470049947,0.032905124574225356,-0.12854135338345865,0.47627067669172934,0.0,1.7528066046834614,-0.09836614123155162,10.943890542438544,17.689231078904992,1.695152578990008,10.469448680351906,Utilities,
SO,The Southern Company,,,10.47969045420215,0.08179332536126438,0.48290145138842866,0.028496222245872928,0.2787195885358508,0.04332982305088349,-0.10832394459540062,0.4612631718470409,0.0,2.0567247889826743,-0.07728606352064919,10.96382691209014,21.195180833909237,2.5546501554864505,11.526198920585967,Utilities,
SRE,Sempra,,,10.13200339298663,-0.09473892845461296,0.4980076741440378,0.07289166211164175,0.19712450737118672,0.085292604652198,-0.3868801652892562,0.786525974025974,0.0,1.107768710065161,0.27637094475615365,10.69216490287928,26.79512248230811,1.5569886759030809,15.99822188449848,Utilities,
D,"Dominion Energy, Inc.",,,10.258134224992771,0.07089097290822233,0.46222197693029415,0.00961893755084649,0.3412698412698413,0.07752805973130557,-0.3500193167393344,0.6760858767040123,0.0,1.682804387442836,0.351199324707749,10.709217791610836,17.07600066711141,1.7602671663858611,12.009721053264398,Utilities,
AEP,"American Electric Power Company, Inc.",,,10.35775766442867,0.07352700267704848,0.6049923872456747,0.030542964644000702,0.2628451270799049,0.08811887844807591,-0.10692958092555296,0.44452342402822204,0.0,1.5899543965572611,0.13205687408195205,10.78847218119571,17.162840029377094,1.9732470712688674,11.987657463488473,Utilities,
WEC,"WEC Energy Group, Inc.",,,10.005926583158804,0.04976262758392158,0.4181348274705546,0.03410383931605883,0.2620993663329965,0.06958467661080987,-0.1354686606033105,0.48804427170674924,0.0,1.6354588097332161,0.012875558619051443,10.505760194662354,20.558795152556616,2.3486509824311055,13.424821231076574,Utilities,
XEL,Xcel Energy Inc.,,,10.164828534344482,0.016165273266740998,0.4884373289545703,0.047781480773482314,0.21242075124412024,0.05643442064924168,-0.5262725779967159,0.8526956759715381,0.0,1.4732093693083146,0.2520905686350415,10.593727565281412,19.44493086481665,1.6620725352704477,11.898494753985158,Utilities,
EXC,Exelon Corporation,,,10.403566602538051,0.0566413781312487,0.42367527442154307,0.022395650423286246,0.22334899826861238,0.05044731653542404,-0.07565347863855326,0.3604201216141515,0.0,1.739009653448156,-0.32399025793677744,10.607300794483312,14.626307803468206,1.4058483228001943,9.929302274232722,Utilities,
ED,"Consolidated Edison, Inc.",,,10.247678729570657,0.07414544970026182,0.5336386250565355,0.026084445302356103,0.22638609764747605,0.10408237691345253,-0.04873360470375396,0.27233152419719586,0.0,1.1730467135179827,-0.46239741346444174,10.56466046899575,18.141140472871975,1.5171363032914427,10.314831275665746,Utilities,
EIX,Edison International,,,10.288316310166291,0.08735259194035683,0.5130000514853524,0.07623990811570652,0.3898638504943832,0.3583243381066916,-0.02002780209030531,0.34907068938886887,0.0,2.3635587917401444,-0.23380983640462796,10.313808522498897,4.381454149589449,1.1716944056669891,5.756706533917162,Utilities,
PEG,Public Service Enterprise Group Incorporated,,,10.098401422270078,0.040601410161249296,0.3333333333333333,0.10494819301436921,0.2740795529257068,0.11404037417085967,0.022004305190145897,0.264370565255521,0.0,1.4251560475797904,0.43917860949586945,10.52931213933793,16.025954523922312,1.9921558120362737,12.07776178556529,Utilities,
CMS,CMS Energy Corporation,,,9.94512377012212,0.06973420926771334,0.4031544309542721,0.044935127492312585,0.23960651130108912,0.056443877663942155,-0.23862475887892887,0.48235561102916147,0.0,2.0667104111986,-0.1581662872372043,10.26875254376538,17.336565826330535,2.0305623359580056,11.025197494033414,Utilities,
PCG,PG&E Corporation,,,10.412242085209915,0.010324141777767082,0.3982273483763595,0.06214143513811846,0.21860838179266096,0.1789525922513168,-0.16499593606068816,0.4803189224755196,0.0,1.8849108789182545,-0.2947109781234203,10.38898010552107,9.060122293510913,0.7525971284376152,8.439416019767972,Utilities,
AWK,"American Water Works Company, Inc.",,,9.722962808942489,0.10180853603103612,0.6129825889477668,0.009388133126774301,0.39630350194552527,0.01099422122195089,-0.23145344436033308,0.6731642694928085,0.0,1.468856694657193,-0.3861376504157176,10.374510290617744,21.320443362286227,2.185753674956169,13.479021690719891,Utilities,
FE,FirstEnergy Corp.,,,10.199343718689393,0.08281770048987114,0.6347551342812007,0.02270353784683187,0.17170311464546056,0.049581713805593675,-0.12410742496050553,0.3211374407582938,0.0,2.1227817745803357,-0.1429489101030681,10.39438433531889,24.30995548321569,1.9821066820847322,12.05526547423737,Utilities,
LNT,Alliant Energy Corporation,,,9.645324001562294,0.04076341104739978,0.4519121973297126,0.024219351793299187,0.26295277395690053,0.023893138032215853,0.29146865806743605,0.0,0.0,1.6520316334878646,0.19413948494062866,10.20832073597171,19.94507699108642,2.202824156364876,13.906428681776216,Utilities,
DTE,DTE Energy Company,,,10.217878578027433,0.11391216612826716,0.28010899182561305,0.059206090556313554,0.16479069179208297,0.05506492383138916,-0.09022101120193764,0.28973660308810173,0.0,2.1368771844265626,0.08184095075274579,10.408086430494647,17.5040706626881,2.080057815886369,11.619732698189793,Utilities,
VST,Vistra Corp.,,,10.283572577966925,0.09554393953206164,0.3798667499479492,0.11667581830213493,0.1186717781035066,0.2973882035855419,0.11737455756818654,0.14917759733499897,0.0,3.9372179713556994,2.2746562374956643,10.736981623734634,57.81088654385594,10.706979968098882,14.610579010365973,Utilities,
ETR,Entergy Corporation,,,10.123441251091414,0.032374875485025933,0.46976038571167744,0.042137827422496645,0.27867602566401933,0.11695822721016409,-0.23713728711283544,0.6468044479304438,0.0,1.8242007524910255,-0.03353832993244677,10.629609789524427,24.033704554374598,2.513235654209829,11.655794301089214,Utilities,
UGI,UGI Corporation,,,9.86308482532036,-0.0965642045174766,0.5134320175438597,0.32337574914283373,0.1519143680526966,3.0,0.02563048245614035,0.11992872807017543,0.0,1.4934059032865816,0.6342704185376422,9.891897359615013,11.499201012389381,1.6320825384969648,8.75027475203837,Utilities,
CNP,"CenterPoint Energy, Inc.",,,9.983175072037813,0.037309963087995834,0.46673596673596673,0.03441509772660954,0.22977450037405148,0.06044510690064269,-0.2801455301455301,0.5479209979209979,0.0,2.0604321707163993,-0.08817341992087939,10.376397207629777,22.61421244818441,2.1330719533300453,12.698954210730978,Utilities,
ES,Eversource Energy,,,10.14405535952949,0.06648988876178152,0.8497627705165394,0.007888134308368596,0.22760666302312116,0.4951129888663694,0.01698852766428504,0.2986071398222853,0.0,1.8592575255424202,0.44617596142334554,10.351692524535457,13.279957744219358,1.3875564993325111,9.558098526675813,Utilities,
PNW,Pinnacle West Capital Corporation,,,9.744625736465025,0.06636165503656799,0.41846267743606974,0.02737089673889888,0.21729405523171708,0.04458957052591167,-0.15817371693840432,0.4770357999472116,0.0,2.0293361572580153,0.04769768100072215,10.035654208807161,17.60756459921723,1.5405767564242914,11.807138099788164,Utilities,
PPL,PPL Corporation,,,9.973035440686933,0.04298841391878172,0.43402851670568204,0.03513830373293639,0.252156602521566,0.11265506179715647,-0.21195999148755054,0.494360502234518,0.0,1.3003158389893152,0.03927399376896472,10.383038929068071,20.45450770533446,1.6233299912640278,11.481540476190476,Utilities,
AEE,Ameren Corporation,,,9.948315140689347,0.08314357312408038,0.4855823383644965,0.015022840036710417,0.26968973747016706,0.028821195995494236,-0.15149808515431404,0.5280468574003154,0.0,1.4797403178867248,0.14566329937429462,10.418040636426314,17.98370879120879,1.9539049324677265,11.383637713437269,Utilities,
CPL,CPL (Synthetic Demo),Technology,Consumer Electronics,11.583521823312012,0.02359691836285105,0.6,0.0,0.2982141226502472,0.008990837819635502,0.2594909792973897,0.028918428845376157,0.010261293815307148,1.7419354838709677,1.28,12.438320794186449,29.5,45.2,23.8,Unknown,
ATO,Atmos Energy Corporation,,,9.692099783788311,0.048793493574078806,0.6221239103481319,0.08512427304194867,0.3507969264824555,0.1194646810952209,-0.4105033682642335,0.8208618627637038,0.0,0.6861554301273924,0.011930090038965745,10.345270160204118,18.473113172227162,1.6332250138219278,13.103837606490702,Utilities,
CIG,Companhia Energética de Minas Gerais - CEMIG,,,10.638196074135502,0.07709594986255164,0.1528013019544868,0.12025913364009574,0.16778554887604968,0.17588723172074722,0.023707102199820182,0.10167781273265701,0.0,0.695793673012318,0.2721689583741009,9.788908025163083,1.255966110710639,0.21523187444533873,2.771820129123593,Utilities,
MSEX,Middlesex Water Company,,,8.314164378498713,0.08209181397271004,0.5365938847681927,0.024619453190265997,0.3181299885974914,0.10389815606425647,-0.19669061467636229,0.48116095293997796,0.0,0.8414087134165298,-0.2732313732223319,8.975388386081793,22.065889496053433,1.9074588492734783,14.39028221066788,Utilities,
EVRG,"Evergy, Inc.",,,9.78489532323675,0.040343040290064636,0.5269695925433631,0.0174231238409898,0.2528348094471283,0.03897569511491707,-0.23068970609954217,0.5560642609822938,0.0,1.4873059199906078,0.20156096197223702,10.259430572878788,21.240258453541376,1.7779700363799127,12.23877784283041,Utilities,
IDA,"IDACORP, Inc.",,,9.255964412070087,0.013116582318586367,0.23055406102492138,0.04426688577133407,0.26398775066919583,0.058173528432177365,-0.5397438528568338,0.8057891029303278,0.0,1.0258013020616068,0.15988736891378613,9.826989615207804,20.75644253598457,1.8797213955475471,13.788726328372304,Utilities,
NI,NiSource Inc.,,,9.83768311421203,0.09840255609959425,0.5076364164789653,0.057874643742842694,0.282782812923429,0.07492991227161615,-0.2121630458475623,0.5468575165298264,0.0,1.7156961301996805,0.267049504227511,10.2108742856945,17.483359652350725,1.7196413579602332,10.622207819317772,Utilities,
NRG,"NRG Energy, Inc.",,,10.520155886944865,0.032265776322516704,0.1879547169811321,0.3588759763575946,0.06104906717025363,0.49866348812405503,0.009539622641509433,0.03740377358490566,0.0,9.888161808447352,1.4141251855011416,10.339671949012434,25.302195470949076,13.004816708447354,10.294147176744895,Utilities,
SJG,SJG (Synthetic Demo),Technology,Consumer Electronics,11.583521823312012,0.02359691836285105,0.6,0.0,0.2982141226502472,0.008990837819635502,0.2594909792973897,0.028918428845376157,0.010261293815307148,1.7419354838709677,1.28,12.438320794186449,29.5,45.2,23.8,Unknown,
OGS,"ONE Gas, Inc.",,,9.363959088721483,0.011618473854602573,0.3809443271981234,0.0803824877251092,0.1912592258143187,0.07764969143347865,-0.07589472832760992,0.29967900124878505,0.0,0.9806852836366606,0.16781885138505379,9.603874387364858,15.202048874364175,1.1676170188624069,9.44283753509809,Commodity,
POR,Portland General Electric Company,,,9.548266545170746,0.10607441693842601,0.47538200339558573,0.01703832674918827,0.16526845637583895,0.03453892466041498,-0.053480475382003394,0.34748160724391625,0.0,1.1981611420275828,0.031098955496535408,9.599618200025247,12.998605804411763,0.9623937517904669,7.573629919717707,Utilities,
TLN,Talen Energy Corporation,,,9.572987708198205,0.043418924214823074,0.4210104250200481,0.08509963898668899,0.051789794364051796,3.0,0.11868484362469928,0.09409248863940123,0.0,6.231473010064044,1.7992530325363802,10.232553758030113,0.0,15.629086545818847,45.321467958164064,Commodity,
STE,STERIS plc,,,9.780864336983342,0.07477277278775896,0.44433218497416194,0.010593658652868775,0.18666082649640323,0.06495709838912363,0.15330594938386113,0.06010666489996025,0.0,0.29055069881396517,0.6592984764232511,10.313193999036569,26.291821117218458,2.863201133136589,13.932700947005332,Conglomerate,
HON,Honeywell International Inc.,,,10.557867961568022,0.06503366470675864,0.3657071685579851,0.016935144006378626,0.1821483895091074,0.06571954665200819,0.11098809853307501,0.030667035704400776,0.0,2.5577531645569622,0.6129751966115998,10.853879811083573,15.104644110805669,5.137360615650173,11.513872076023391,Conglomerate,
GE,GE Aerospace,,,10.704476544439858,0.13896643497614236,0.3104388009005095,0.06788799945701551,0.23646276305746375,0.17305708526892657,0.16580433666416525,0.02772621351554169,0.0,1.09733897306848,1.0349267996495948,11.527815737486058,38.734401966185665,18.05130560120362,28.62034607590815,Conglomerate,
MMM,3M Company,,,10.401055725771844,0.0068437090075812446,0.39404289118347896,0.021541411920968857,0.20679012345679013,3.0,0.15826052422557585,0.036298649722001586,0.0,2.6801361122926415,0.6095248465979884,10.948986218141451,27.359166168753845,18.910525318683536,14.888555752041132,Conglomerate,
DE,Deere & Company,,,10.671006130536409,-0.13898175975272886,0.3464442643231944,0.02391779243333919,0.21106011418336504,0.08333163687725087,0.06887504799283307,0.08566187449340898,0.0,2.4759152215799616,0.5527065737492526,11.312296507800697,40.83077493634375,7.909684223699422,22.41165971216541,Conglomerate,
CAT,Caterpillar Inc.,,,10.87348917070274,0.003936481106860734,0.32461293473751823,0.05156012963090726,0.17817988134163842,0.07564266488238991,0.12035488230807317,0.06122121264836944,0.0,2.03255464865372,1.6733874394403674,11.640012905712137,49.13651555108059,20.47700554253682,32.847172607885355,Conglomerate,
ITW,Illinois Tool Works Inc.,,,10.216667229548209,-0.0019575875216493177,0.44161758455279615,0.02203957974324688,0.2653951633009224,0.06534405649918183,0.17736353148339304,0.02483453761612727,0.0,2.856124031007752,0.48480386563486316,10.904123462955116,26.15479452054795,24.865302325581396,19.022685284640172,Conglomerate,
ABB,ABB (Synthetic Demo),Technology,Consumer Electronics,11.583521823312012,0.02359691836285105,0.6,0.0,0.2982141226502472,0.008990837819635502,0.2594909792973897,0.028918428845376157,0.010261293815307148,1.7419354838709677,1.28,12.438320794186449,29.5,45.2,23.8,Conglomerate,
ETN,Eaton Corporation plc,,,10.477483016074943,0.08779936881973849,0.35903413821815156,0.020453481148353863,0.18846546196444186,0.04412351729342876,0.13102414654454622,0.03383846794338052,0.0,0.5421879021879021,1.348770731594584,11.239260823946196,42.44789772449229,8.930993976833976,29.680297459135783,Conglomerate,
PH,Parker-Hannifin Corporation,,,10.332418259702486,0.038617128391332356,0.37685473742964787,0.021383279323430957,0.23089446020745147,0.050279385909008795,0.18163635517931068,0.021349830224661612,0.0,0.5531030901064659,0.810808934483077,11.096588842603285,34.240020257428725,8.108776544994805,22.52611318405355,Conglomerate,
EMR,Emerson Electric Co.,,,10.270352701776183,0.0899535224833008,0.5316054947413608,0.03100974475004615,0.1843361456483126,0.17710262716096872,0.18566215926164412,0.024254131787937325,0.0,0.6783847746770535,1.5991469775078127,10.980349550455717,41.68170693414741,4.712363376392862,22.275501963215543,Conglomerate,
ROK,"Rockwell Automation, Inc.",,,9.95293766775098,-0.04033659393114786,0.5453025743898362,0.01948345739361022,0.12862622872212898,0.1673460510779562,0.16761395297002118,0.02540956201939151,0.0,0.9980842911877394,1.5575296347215197,10.71884301147573,60.23143843498274,14.324334975369458,39.713962804005725,Conglomerate,
GNRC,Generac Holdings Inc.,,,9.647258924156977,0.022916079032559544,0.39539422519764655,0.05870074401641862,0.06408828202008623,0.23285180498961566,0.0854408421143696,0.038047802840991525,0.0,0.569157604669768,1.7483407170551255,10.124347219138881,83.45253292051595,5.058150037342037,31.149988457829668,Conglomerate,
SI,"Shoulder Innovations, Inc.",,,7.77854917130615,0.5668328686061737,0.7733744067937723,0.015296683209930755,-0.8514698734070208,0.25579734940951593,-0.7838980934143701,0.16633086337523936,0.0,0.10674245115452931,-1.513549322323626,8.584946011370821,0.0,2.732106395026643,0.0,Conglomerate,
SWK,"Stanley Black & Decker, Inc.",,,10.183204338591583,-0.020833449899296252,0.3190054893524925,0.08356112911178554,0.06174324538677101,0.5222271117680581,0.08454389842402461,0.017189477757301102,0.0,0.6622931990369536,1.0934695343637122,10.145305685048482,34.76863804478726,1.5432504616658935,13.611375383796489,Conglomerate,
TT,Trane Technologies plc,,,10.346546603143432,0.09825022206038758,0.35389173296592963,0.03801528354563398,0.18315909932979707,0.05976082030129595,0.15968104313842024,0.014871746383369579,0.0,0.5379406005221932,1.098185122875163,11.025941750789828,36.37199918263894,12.37356825979695,25.459434980953386,MatureTech,
IR,Ingersoll Rand Inc.,,,9.899940819242941,0.054836552738718236,0.42820629044849035,0.01972041875286306,0.1554326941928401,0.07310843454465181,0.15352169424089043,0.016355669713681346,0.0,0.48063390751055524,0.7473340197447417,10.4887946453363,53.00533918077055,3.0543027809966494,20.305607197463125,Conglomerate,
CMI,Cummins Inc.,,,10.54042958877977,-0.0058146446617119985,0.2531981099458338,0.017765775611460012,0.12747252747252746,0.35517732157151644,0.09700933502362567,0.036879105681687216,0.0,0.6570572515993198,1.574248655029729,10.873039213431259,26.258042912416464,6.045154749372419,14.808340930146377,Conglomerate,
ROP,"Roper Technologies, Inc.",,,9.918046071807142,0.1310070969361563,0.6952525874666377,0.003059156584713061,0.28612464409996835,0.0422241708331845,0.3092883108099948,0.013055082545318406,0.0,0.47025123858863765,0.3726378218602343,10.575111051178043,24.470059233222678,1.8908710107386262,14.764426296964517,MatureTech,
PCAR,PACCAR Inc,,,10.444291555040436,-0.10013276465999532,0.1652190481668692,0.11290652514687749,0.10412096411294858,0.1928012531083526,0.10652578750206718,0.04966961223477304,0.0,0.8116850083056478,0.9601157498011963,10.757797944783718,24.098392120548873,2.9720182724252493,17.571813887202765,Conglomerate,
LMT,Lockheed Martin Corporation,,,10.886569680628003,0.05387569417739124,0.11797854935466279,0.11406077065401678,0.09380663042319583,0.15525663959529762,0.1133430285402654,0.02172332303217597,0.0,3.228686207409612,-0.09599598482316847,11.10847754720315,25.587829380107635,19.100452313643807,16.724319926664375,Conglomerate,
GD,General Dynamics Corporation,,,10.73926371961054,0.11496173338774307,0.1537522101310585,0.01727524652131973,0.10475737392959088,0.005674274476954305,0.1175151747142779,0.02293067935327464,0.0,0.38205448442744516,0.1991868724011688,10.95703405188903,21.5155254108171,3.535257278102412,15.249084146763103,Conglomerate,
NOC,Northrop Grumman Corporation,,,10.632376297316547,0.033345785467820965,0.20059684789704374,0.08599360110737372,0.13664966391762406,0.2580820184383479,0.08500419658677609,0.03338617924088408,0.0,1.0206908960057575,-0.29360512646414355,10.864567367623792,17.505855493065518,4.390637379872857,11.911934444413601,Conglomerate,
BA,The Boeing Company,,,10.964655548876783,0.07237993013382216,0.04792588735572333,1.35867912964405,0.060427215720465444,3.0,-0.011390262952356157,0.038531632387399116,0.0,9.98038137147048,0.9296889674208421,11.063218772082005,51.753681003382546,21.20819161029703,21.63085705157766,Conglomerate,
LHX,"L3Harris Technologies, Inc.",,,10.360441933102639,0.061112205287306764,0.2548403976975406,0.009749695523011291,0.11566430368168304,0.09825676903018635,0.12244897959183673,0.02110587824873539,0.0,0.5661319073083779,0.4171711428316385,10.654163743606853,28.081364235865504,2.296851080356506,14.69375725094591,Conglomerate,
RTX,RTX Corporation,,,10.970811610872518,0.13383949071897794,0.20346524064171123,0.05522240147089681,0.11927361376025644,0.1619616250532796,0.11748663101604279,0.034449197860962566,0.0,0.6055023373438577,0.16110110041954365,11.432624929052388,40.22358930481283,4.150282829335581,20.26336164860163,Conglomerate,
HWM,Howmet Aerospace Inc.,,,9.959851954799605,0.11479643179252652,0.36031589338598224,0.07941965000244197,0.24127484246243333,0.11946649376217247,0.1964461994076999,0.04716463749040255,0.0,0.6002241733607323,1.3702792066420852,10.979179933246261,63.20895227612069,17.8066691635326,43.003562019520665,Conglomerate,
IEX,IDEX Corporation,,,9.55452550111776,0.02765748413604019,0.4469918835243913,0.0032242985027028325,0.20159074475777297,0.09259939991674267,0.1789250550860458,0.02097453490642345,0.0,0.4589944134078212,1.085321110999978,10.245939241620047,36.459634951241725,4.3742509269869645,20.903038858262317,Conglomerate,
FAST,Fastenal Company,,,9.941973308073944,0.056510976596356066,0.4470071891465603,0.006416579041305594,0.2025730138406195,0.016415947007525595,0.13210199673116707,0.027807938920827953,0.0,0.11205497514960949,0.16759615757783133,10.76295888879054,46.04051566354101,14.691496325945836,31.570574283307977,Conglomerate,
PWR,"Quanta Services, Inc.",,,10.517263742912892,0.1678296420205192,0.1545648187486818,0.028017065112698164,0.0579693667386981,0.031017169309860676,0.0726682214389606,0.023920001555987908,0.0,0.7181444598377155,1.694529714714741,10.985431528320136,94.03266637644911,10.818799675739621,40.08950646331545,Conglomerate,
JNJ,Johnson & Johnson,,,10.990911319739421,0.05170524084479311,0.6790736145574855,0.007483653135553734,0.3562048135211746,0.3165387266757618,0.22698077178363918,0.05493776103095099,0.0,0.5878176199352497,-0.09176504182041237,11.82552947918024,24.964902250037305,8.206112527101931,16.986560465473143,MatureTech,
UNH,UnitedHealth Group Incorporated,,,11.653336993685555,0.09743377150175014,0.195141837117804,0.11297866127603111,0.04177921964756115,0.295839389244091,0.05246718163015491,0.007553390250350455,0.0,0.832950802252683,1.0492134306994034,11.540773054589065,28.811761778367618,3.6909425140792687,17.405836947094535,MatureTech,
PFE,Pfizer Inc.,,,10.80410534194859,0.025082551389355556,0.7317842844807285,0.10502360545758248,0.16285015740104508,0.4121869776246962,0.17246251668105816,0.03793076379621634,0.0,0.7396387436976734,0.055130764513294434,11.193471895039826,20.090696178098057,1.805411906193626,13.045569921944825,MatureTech,
MRK,"Merck & Co., Inc.",,,10.82327203302582,0.03992494882718001,0.7296639576980276,0.017194113689554008,0.3449262432511422,0.5600989585343704,0.2412985023058781,0.05864591626733164,0.0,0.9378968178534768,-0.00746717092679471,11.563729522680706,20.06187298461707,6.961362381880394,14.188076904012455,MatureTech,
LLY,Eli Lilly and Company,,,10.901271921660296,0.3820503965334259,0.8339940099766776,0.01911613541670921,0.4556068672425167,0.16492146006800168,0.17021105668931963,0.18229905429933546,0.0,1.6017712455247786,0.5307047933372739,12.035796031628404,52.61218501453488,40.92389292255511,35.37533520651248,SaaS,
ABBV,AbbVie Inc.,,,10.808791445252275,0.061113532053019615,0.714767185412978,0.05374670396861145,0.15516677567037282,0.13177003694784087,0.28282545895070355,0.020144130711645388,0.0,0.0,0.06441381011020905,11.667430749777338,110.02750300262186,0.0,29.907721804360996,MatureTech,
TMO,Thermo Fisher Scientific Inc.,,,10.665918540181034,0.01964052434636465,0.408019682320442,0.01443007077564541,0.1958614807998743,0.04248893313799464,0.15793335635359115,0.03658062845303867,0.0,0.7374501469844776,0.5292860758781307,11.407741761152955,38.14237709838902,4.787883537131837,24.78834588229773,MatureTech,
ABT,Abbott Laboratories,,,10.654503824567048,0.05127939279447902,0.5626135507599592,0.009636564444783375,0.2021070203934308,0.05230754190395071,0.1634687818496034,0.04621792883413834,0.0,0.26587377709572224,0.15680963963922956,11.229003164279204,25.97103227276211,3.2502400642144638,14.47395565610766,MatureTech,
MDT,Medtronic plc,,,10.574505836977325,0.05999722495864801,0.6500892357688927,0.0022651953527724152,0.18840061599384006,0.04459794978431585,0.1633414133880291,0.05069124423963134,0.0,0.5652912277864263,0.2658999889110898,11.06052894071471,23.944029270918556,2.3240661611645064,14.371218730724843,MatureTech,
BMY,Bristol-Myers Squibb Company,,,10.691850334997277,0.03482231278488657,0.7015674873442169,0.03340216688697469,0.23278348376387592,1.6112578927861425,0.2325817797385488,0.027283631853945146,0.0,2.5517782709900936,0.17838754517022887,11.103414562420415,17.987843776580664,6.868740865046284,10.756155613919894,MatureTech,
AMGN,Amgen Inc.,,,10.58086797790903,0.14179212272095598,0.6951568447302796,0.053345180594451265,0.3192021985796305,0.19586940730895988,0.26709541934637093,0.06045412783829899,0.0,6.306768306768307,-0.025003041186026958,11.332889407182595,27.91121255349501,24.858322938322942,15.427764232453544,MatureTech,
GILD,"Gilead Sciences, Inc.",,,10.48367286380631,0.04200749206150989,0.795869451011295,0.015496167876204245,0.3675022077304531,0.5519325146111498,0.4249737325978461,0.019996059889676912,0.0,1.0984054268346402,0.19156311525186376,11.256455021768577,21.209257344300823,7.950435203946789,14.570160530191458,MatureTech,
BIIB,Biogen Inc.,,,10.001209994446057,0.0027920678542572297,0.7399455519101706,0.01067089637753428,0.18441752775362466,0.14371219029496574,0.24830722284825338,0.03877182660377547,0.0,0.3602602865781517,0.3254412405594178,10.500548220388943,24.489689844535537,1.734297357696858,13.530250777679635,MatureTech,
REGN,"Regeneron Pharmaceuticals, Inc.",,,10.191302870748212,0.04567786532472207,0.8485905746490116,0.004324967194082977,0.36774292507094103,0.05053433187492927,0.23014284150965258,0.07120188996247111,0.0,0.0865696854134607,-0.036192438418730224,10.906216052526405,17.886727785300454,2.57792423432906,13.77844006737479,MatureTech,
VRTX,Vertex Pharmaceuticals Incorporated,,,10.099929132825055,0.10274010881001527,0.8599529680945722,0.005669229347212188,0.3879996333730513,0.6504139945146391,0.3015841489767383,0.039468666581924494,0.0,0.10878183629954248,0.29864345911934537,11.113011891574079,32.81429702530608,6.949687610519775,26.029463658311244,SaaS,
ISRG,"Intuitive Surgical, Inc.",,,10.042748723200122,0.18859914545672307,0.6667875009062568,0.009280069709395312,0.2926565123649985,0.06913495493580389,0.2920503153773653,0.04384470383527876,0.0,0.1412140933572711,0.8890608178910346,11.137298713133282,48.033088235294116,7.696504712746858,37.63360569756529,MatureTech,
SYK,Stryker Corporation,,,10.412242085209915,0.10692830491485772,0.6497658396872702,0.0017472635109405028,0.20389393215480173,0.0700415590331464,0.18198707280256995,0.031853543368038084,0.0,0.7073595004460304,0.676337789134568,11.01830654723228,32.133500000000005,4.65233456735058,18.396157903072538,MatureTech,
BSX,Boston Scientific Corporation,,,10.322136564096104,0.18730409383441238,0.6992284244618022,0.00519918682861243,0.1860117565009465,0.08490452745744403,0.08601638407315679,0.1296913697847209,0.0,0.4719379333113239,0.5123199017867343,10.785760075843665,21.069862172877848,2.519827524636844,13.824276867306938,MatureTech,
CI,The Cigna Group,,,11.449225308421857,0.18781251133080468,0.08798020871840077,0.1349850388770389,0.03355437568923587,0.11309698180744183,0.03239187306281457,0.004137401541217619,0.0,0.7542732481480594,0.4976050948530206,10.907415758951432,13.564011797884842,1.937065621748615,8.741877154797725,MatureTech,
CNC,Centene Corporation,,,11.30736337598904,0.1246305736699913,0.07823571731267678,0.18482927369933508,-0.031061162252216636,3.0,0.044107067183080544,0.003932235461076782,0.0,0.9102390617952187,2.0139471731860548,10.540229268365358,0.0,1.7386856342404653,0.0,MatureTech,
MCK,McKesson Corporation,,,11.613823857985835,0.14271858960367534,0.03639079961944898,0.061859025952562596,0.015982946236026075,0.10145841847772138,0.014951956650275072,0.0017226989924157448,0.0,0.0,0.19926332418720274,11.08888023924347,25.76860142797144,0.0,17.744054618921556,MatureTech,
CVS,CVS Health Corporation,,,11.61813808576281,0.06009213544342318,0.1415272979575317,0.04746093002262356,0.013069960976653144,0.41239187214869333,0.02832666001744217,0.00728041899750895,0.0,1.0629670008243146,1.0893964148557327,11.05075858350447,63.573529411764696,1.4943760470125242,18.648717168644154,Conglomerate,
HUM,Humana Inc.,,,11.163396951622858,0.10405818638060027,0.0,0.0,0.016858958538993087,0.3488342540643592,0.013378729947349996,0.004050000343220368,0.0,0.7005153763379962,1.8826195792388583,10.686056397245201,40.854505349730644,2.748776822533839,18.838588822418604,MatureTech,
WBA,WBA (Synthetic Demo),Technology,Consumer Electronics,11.583521823312012,0.02359691836285105,0.6,0.0,0.2982141226502472,0.008990837819635502,0.2594909792973897,0.028918428845376157,0.010261293815307148,1.7419354838709677,1.28,12.438320794186449,29.5,45.2,23.8,Unknown,
CAH,"Cardinal Health, Inc.",,,11.405257545302234,0.05872068481955006,0.038442780277524305,0.06705931676624134,0.00991944872722696,0.2550949952964516,0.01779758346181681,0.0025526257827003557,0.0,0.0,0.1294077738693427,10.758179632971274,33.43249708284714,0.0,17.634646348476135,MatureTech,
ESRX,ESRX (Synthetic Demo),Technology,Consumer Electronics,11.583521823312012,0.02359691836285105,0.6,0.0,0.2982141226502472,0.008990837819635502,0.2594909792973897,0.028918428845376157,0.010261293815307148,1.7419354838709677,1.28,12.438320794186449,29.5,45.2,23.8,Unknown,
COR,"Cencora, Inc.",,,11.522145893341422,0.10709074395605134,0.03973065311279843,0.024881961695733083,0.008334315207311581,0.0708831545367215,0.0122008770569452,0.0022863899242904413,0.0,5.080024190676642,0.16715385513473832,10.804325448093065,41.004092633330096,42.25894345087828,17.89185511399291,MatureTech,
LH,Labcorp Holdings Inc.,,,10.15679136800393,0.07107086767331894,0.28882771117925843,0.01693328980442572,0.09544356601704451,0.1697907126816675,0.08051296347923055,0.03367716754948425,0.0,0.7570941321144342,0.4384087255193443,10.434709675655995,31.04257615516258,3.156548643820042,16.496506185720673,Conglomerate,
IQV,IQVIA Holdings Inc.,,,10.230014409604257,0.04330934723134172,0.32968262380027086,0.022435538656829766,0.14224402207234826,0.03112610204600123,0.12859918742271684,0.03739033150797857,0.0,2.4525603567584193,0.7475783251290989,10.680784961425104,35.25705661764705,7.373457942488082,17.874883660508083,Conglomerate,
DGX,Quest Diagnostics Incorporated,,,10.06295783408451,0.09211496126986818,0.33114186851211075,0.004384351240163308,0.14454009968282736,0.013775649044539963,0.1166955017301038,0.04792387543252595,0.0,0.9184100418410042,0.06092042822902043,10.413293559830052,26.108497983870972,3.612221757322176,14.810452655889145,MatureTech,
ZTS,Zoetis Inc.,,,9.97850006931146,0.05262957692496384,0.7153514763055585,0.010650359195760841,0.3783669589098975,0.01719220118987503,0.2433539981086477,0.055059367447725126,0.0,2.773341338937256,0.32328162029296703,10.50950875506771,12.092324590987655,9.703627628853196,9.646297279850085,MatureTech,
MRNA,"Moderna, Inc.",,,9.344392273685111,-0.46654699792857945,0.22760180995475113,0.24342920612176525,-1.0,0.3131727255373959,-0.56289592760181,0.07737556561085973,0.0,0.1508670520231214,0.10580952999448404,10.864237187464145,0.0,8.457092485549133,0.0,MatureTech,
BNTX,BioNTech SE,,,9.423245873936807,-0.13312085912691451,0.7547169811320755,0.033865044048937074,-0.3611972542597303,3.0,0.16781132075471697,0.08867924528301886,0.0,0.013909551502793355,1.370773531885383,10.372314434853582,0.0,1.2259313717137774,0.0,MatureTech,
INCY,Incyte Corporation,,,9.764887911342528,0.17947479615362005,0.926179605569522,0.0020920914507221674,0.32421718331873894,0.4910635294757861,0.32484857024536345,0.015334056186667996,0.0,0.007820449356533303,0.8492818010814229,10.409640623008373,19.960903665099288,4.970064062333695,12.854074305931547,SaaS,
EXAS,EXAS (Synthetic Demo),Technology,Consumer Electronics,11.583521823312012,0.02359691836285105,0.6,0.0,0.2982141226502472,0.008990837819635502,0.2594909792973897,0.028918428845376157,0.010261293815307148,1.7419354838709677,1.28,12.438320794186449,29.5,45.2,23.8,Unknown,
ALNY,"Alnylam Pharmaceuticals, Inc.",,,9.681619451707242,0.4252612797517721,0.7965418462497882,0.01975873720759066,0.15503197819456818,3.0,0.1706567319889213,0.01913895018964727,0.0,1.619903544963354,0.7371962938856501,10.43502851792651,86.78585293245831,34.50282446501161,42.521961810917006,SaaS,
ILMN,"Illumina, Inc.",,,9.642761203265321,-0.018035644003509654,0.661962212610972,0.03578553424071994,0.2733133778494128,3.0,0.22012292283177784,0.03664921465968586,0.0,0.9375688578773411,1.210745885157345,10.634883362225006,50.75331764705882,15.84293793609989,30.388002745367192,MatureTech,
DXCM,"DexCom, Inc.",,,9.696286476550004,0.13447237919766497,0.6247283264911857,0.022526589406888585,0.23738738738738735,0.11362594090996794,0.28274168880302664,0.06916606294775819,0.0,0.506081573197378,1.161059891920299,10.518179114561233,39.42911395432261,12.008218499635834,24.620219359587782,MatureTech,
IDXX,"IDEXX Laboratories, Inc.",,,9.658318920964417,0.08423648981103171,0.6244574447594594,0.013379284873057673,0.3167136107472125,0.03267237360572777,0.2716954561636889,0.029521945224294965,0.0,0.6079932327675078,1.1542727315205557,10.633179711947799,40.5595854696337,26.767083406265044,29.01917265605109,MatureTech,
PG,The Procter & Gamble Company,,,10.939683953773855,0.01765142220500171,0.5017636988268818,0.010358425361142516,0.24420902656494164,0.026843128483550575,0.17403743407672953,0.050658945457470156,0.0,0.6476581424160056,0.4184028234891216,11.534396636065797,21.331915181353608,6.329245224755459,15.047755836814943,Conglomerate,
KO,The Coca-Cola Company,,,10.700089041161755,0.023620583777153925,0.6188832811346725,0.014636797716989416,0.36820258234079384,0.0757076045427558,0.2852041732330587,0.04079474954617088,0.0,1.4141564860580063,0.08137622952916232,11.569014619400042,28.282078278782333,11.52330504522988,21.704373863757887,Conglomerate,
MO,"Altria Group, Inc.",,,10.310565872283199,-0.00889233163019365,0.7224124437487771,0.0153010715685435,0.5246536570832713,0.1349725369722124,0.44570534142046564,0.014478575621209158,0.0,0.0,0.18964583947089378,11.08010575414239,17.310453881776304,0.0,13.062289800286191,Conglomerate,
PEP,"PepsiCo, Inc.",,,10.986341704213547,0.013325305639810825,0.5395649302402378,0.0032728388791743116,0.12100079850944903,0.060246217317439274,0.09578551968958969,0.04307355733509453,0.0,2.4454082132706065,0.23419819233740408,11.238925173801608,21.037685679611652,8.4950764481035,13.774208968667567,Conglomerate,
PM,Philip Morris International Inc.,,,10.628848527992803,0.07500061157735227,0.6751439652133036,0.02385693924865092,0.3805107262349931,0.04621215161431359,0.29902456222822893,0.036243976965565874,0.0,0.0,0.02279584976113737,11.463301307019465,25.60837258583539,0.0,19.15861032491897,Conglomerate,
BTI,British American Tobacco p.l.c.,,,10.40840957846843,-0.031145127505890713,0.8349863334634908,0.0033514647498234596,0.460210855134713,3.0,0.2201483795392425,0.027489262007028503,0.07524404529480672,0.7317531193923966,0.31803966900722463,11.069610341884527,15.119060857496137,2.4492840733130246,10.597779489015368,Conglomerate,
K,K (Synthetic Demo),Technology,Consumer Electronics,11.583521823312012,0.02359691836285105,0.6,0.0,0.2982141226502472,0.008990837819635502,0.2594909792973897,0.028918428845376157,0.010261293815307148,1.7419354838709677,1.28,12.438320794186449,29.5,45.2,23.8,Unknown,
DEO,Diageo plc,,,10.293207816645863,-0.015563410930765853,0.5946647660744285,0.005424011623434293,0.18520592577508527,0.2372504593412125,0.16265336252099985,0.06093773863462811,0.0546759659929746,2.0417624873516695,0.5998040027658887,11.279162559459243,109.48704663212436,17.494158771042223,34.464694344557046,MatureTech,
MDLZ,"Mondelez International, Inc.",,,10.594436751126766,0.03440643276590749,0.2877060858945654,0.13811734551401922,0.09375405454498274,0.27358402101801893,0.06551496030938327,0.03343171178506005,0.0,0.8438733648115179,0.016565052502572872,10.900264429552578,32.428071230228475,3.0761360238907813,19.947737393942866,Conglomerate,
KHC,The Kraft Heinz Company,,,10.396199347095736,-0.032394056828265794,0.3336947791164659,0.0180953446871119,-0.18033838505332372,3.0,0.15325301204819278,0.032329317269076306,0.0,0.509288594470046,-0.04604304519193298,10.434268631541544,0.0,0.6523905611357527,0.0,Conglomerate,
KMB,Kimberly-Clark Corporation,,,10.219636910808964,-0.0205958576530193,0.3675672415872633,0.015834249823931012,0.14032954338177175,0.14758823489145229,0.1097575684477144,0.09124351706669882,0.0,4.857523302263648,0.29273712991359874,10.503061709380601,15.75779317169718,21.202729693741677,12.352875040154192,Conglomerate,
GIS,"General Mills, Inc.",,,10.265398068054646,-0.03674775688252985,0.33627324338113174,0.015724107883867886,0.05292380838661354,0.42948651330235704,0.0882678592750996,0.029303214181040566,0.0,1.8919168340480972,0.2733292619924599,10.273627732788666,0.0,2.5483233809239456,21.08322943213749,Conglomerate,
CHD,"Church & Dwight Co., Inc.",,,9.792769781353478,0.028173816244598582,0.450671995358881,0.014431074324791906,0.16960600980139284,0.11265414672232452,0.17189866890127953,0.022206465336642278,0.0,0.5509719654190195,0.37258746528613057,10.361762201806977,31.21853971981542,5.747294004687422,19.08266261297422,Conglomerate,
CL,Colgate-Palmolive Company,,,10.323169566062374,0.02349437264812071,0.6042478380689917,0.01676833887873708,0.163183200863507,0.10473291604934408,0.18331274351420698,0.028413950394374228,0.0,20.0,0.318857162225412,10.8448107782379,32.81131059172608,100.0,19.519644636390293,Conglomerate,
COTY,Coty Inc.,,,9.76392190976398,-0.02578184506596637,0.6289394826576654,0.012978357131898318,-0.0733647917886543,3.0,0.059966245307064375,0.03265249888058416,0.0,1.0522971808052106,1.302420413367829,9.355728828313564,0.0,0.7242578461734939,95.87629893238434,Conglomerate,
EL,The Estée Lauder Companies Inc.,,,10.177507642194916,-0.018070759516629953,0.7550003322479899,0.02144081131884287,0.05654860788092232,1.9488412616313397,0.0874476709415908,0.030367466276829024,0.0,2.4293221229637414,2.064343313180342,10.517067882105877,180.7159537502747,8.641698261311088,23.45980788254402,Unknown,
ETD,Ethan Allen Interiors Inc.,,,8.76304369760489,-0.05304069623879326,0.6122156321021869,0.004579477665814777,0.09215737367706264,0.14680132957910497,0.07150462391736138,0.01905305899873509,0.0,0.2552730804629877,0.863467379505724,8.727539109949406,13.389097109043952,1.132439592319731,8.459712737443189,MatureTech,
HRL,Hormel Foods Corporation,,,10.08446584943897,-0.00015897204236448026,0.1567837288015035,0.03391923567360388,0.061248736180589056,0.17709335190088452,0.06428539733270458,0.025585846475700693,0.0,0.3616456345521442,0.051452833993384746,10.04380618234216,23.131262393427814,1.3999570801277432,13.177047351619475,MatureTech,
TSN,"Tyson Foods, Inc.",,,10.745808410483459,0.014642892134483443,0.06135310805472762,0.13221649630946908,0.022372843996252823,1.00842050337423,0.020846051639314828,0.01513628038926994,0.0,0.48824993088194635,0.009782222659209376,10.271386171462215,39.41012658227848,1.0329223113077135,10.190538968592477,MatureTech,
SYY,Sysco Corporation,,,10.927129021281269,0.03557172965709077,0.18496091209064136,0.003033924496306075,0.03539791609996097,0.05249870559411462,0.022920535049022507,0.008278831029058697,0.0,5.614028507126782,0.6103918238755917,10.5926334038552,22.27725326940239,14.681595646789196,12.69338524850558,MatureTech,
CPB,The Campbell's Company,,,9.996861768490673,0.046784212305778006,0.2884770346494762,0.010007489401598825,0.11128450209694724,0.13231547424159373,0.06758662369057213,0.043009669621273165,0.0,1.8482829318298308,0.2386841315908615,9.768370191368358,9.74481727574751,1.503429010763711,8.21992380952381,Unknown,
FLO,"Flowers Foods, Inc.",,,9.717997016272514,0.016139115446575092,0.4862919191428056,0.010059775457308422,0.036475557117226186,0.3335241287445087,0.05858850221078936,0.02205678258076397,0.0,1.598667267107382,0.5552086111784715,9.070413300863013,14.029420705278856,0.9022078399094123,9.042650046274641,MatureTech,
HAIN,"The Hain Celestial Group, Inc.",,,9.131435477899661,-0.11710896446251451,0.20105376787404436,0.036382846949777864,-0.18458522759598028,0.7067534587152118,0.04259994428965243,0.015230204170296337,0.0,3.937226654607707,0.9919382525385256,7.6669527359408916,0.0,0.30005150360153754,0.0,MatureTech,
LMND,"Lemonade, Inc.",,,8.989004615698537,0.31028433715991866,0.0,0.0,0.0,0.0,0.008307692307692308,0.013435897435897437,0.0,0.3412668665667166,1.6585096656904839,9.507936268711433,0.0,6.035599971326837,0.0,Unknown,
NOMD,Nomad Foods Limited,,,9.471936804594728,-0.001972712754613526,0.26916070705707734,0.03570646503361781,0.08550700741962078,0.18043665329137215,0.08480636891107812,0.02658210767777628,0.0,0.9176545978852931,0.20407157754636188,9.268024266687359,13.55987706254572,0.7424043553548543,10.362992119473827,MatureTech,
MKC,"McCormick & Company, Incorporated",,,9.868397543218508,0.013278298914174869,0.3862140864902922,0.010621220927936869,0.1621566305571393,0.037030765031313514,0.13808930650708115,0.028649570798017818,0.0,0.7258781486969407,0.4460872337234216,10.078150746500627,15.165391436534076,2.0869101368430227,11.965430809399479,MatureTech,
POST,"Post Holdings, Inc.",,,9.924925077232034,0.0802514580883682,0.28820208023774146,0.03341357822914733,0.09872396759049289,0.0034202645792142743,0.06574739970282319,0.05224368499257058,0.0,2.0518504702779037,0.3839662989802868,9.629335375299654,12.68773309502532,1.1348677093602622,8.861677070015793,Conglomerate,
DIS,The Walt Disney Company,,,10.995024999127848,0.03061747381427793,0.3759520943547,0.04997531573548722,0.14630659253375694,0.26449646895135415,0.08388545533628024,0.0879618858801752,0.0,0.4084591650055976,1.6248489850175662,11.26007231861511,14.6727176717188,1.6565217668314083,11.555425003918291,MatureTech,
PARA,"Banzai International, Inc.",,,7.026302532815102,0.6328557024247841,0.8118408893378365,0.08753405308768925,-1.0,0.6443192587550959,-1.0,0.0,0.0,1.3193241068498935,-2.0,3.82572177878728,0.0,0.0008311055454865865,0.0,SaaS,
WBD,"Warner Bros. Discovery, Inc.",,,10.55768761919631,-0.04995163153526916,0.4724906548525543,0.033608853047577755,0.09984984984984985,2.3358503685470113,0.06036273016752042,0.034417831925792605,0.0,0.9066789164509034,1.2253224650622585,10.87612658296166,103.41705639614857,2.093159609120521,4.85280534261393,MatureTech,
CMCSA,Comcast Corporation,,,11.096579823713979,0.00874258836491748,0.6939033665585845,0.012357464318612978,0.24392314097019574,0.11892073729632656,0.14264440975141107,0.11768944397742284,0.0,1.0209900622271757,0.1534236583154875,10.959174882925193,4.551853949666967,0.9393721070084518,3.8909148295916873,Utilities,
FOX,Fox Corporation,,,10.233655939685763,0.10681333809234195,0.0,0.0,0.15642882167464672,0.12591720433193132,0.08571762232862315,0.029312156954338434,0.0,0.6508427932576539,0.7930949702056314,10.444982186773876,16.53416554374481,2.395946761369969,10.107824195924247,MatureTech,
NWSA,News Corporation,,,9.955591550405725,0.04596262314482158,0.0,0.0,0.12649534780682323,0.10719824036108078,0.08983163491360213,0.04718653079308817,0.0,0.34189537884119164,0.9363300028232014,10.215096066020674,28.63791818680628,1.9246454516819143,10.589752379250154,MatureTech,
T,AT&T Inc.,,,11.104620247230448,0.013065236267781666,0.5972146904644017,0.004978498936240153,0.2690930217751178,0.14261235640694803,0.13874676789349177,0.1748284724023295,0.0,1.402685170944424,-0.21510136968919577,11.23857396462713,7.890056028788776,1.5670469452561677,5.667941569007441,Utilities,
VZ,Verizon Communications Inc.,,,11.14268661210555,0.01561619551240856,0.5926347240721408,0.007101375437091862,0.21250298499902312,0.11436084301263624,0.1451456135930019,0.1341948954246013,0.0,1.7388761248324718,0.019122337464125717,11.285236836592555,11.229628213401654,1.8462342996071224,7.449494602053024,Utilities,
QVCA,QVCA (Synthetic Demo),Technology,Consumer Electronics,11.583521823312012,0.02359691836285105,0.6,0.0,0.2982141226502472,0.008990837819635502,0.2594909792973897,0.028918428845376157,0.010261293815307148,1.7419354838709677,1.28,12.438320794186449,29.5,45.2,23.8,Unknown,
TMUS,"T-Mobile US, Inc.",,,10.964679104087253,0.060247542052789926,0.6218854744058402,0.013234234265567257,0.20445254730548418,0.08084603762651192,0.1761164564102008,0.1366432003818243,0.0,2.065250071786903,0.1463655093554643,11.305190580130716,18.370198977794757,3.4107262666405416,10.093977985740265,Utilities,
SIRI,Sirius XM Holdings Inc.,,,9.93464992290071,-0.02230847892783172,0.4735557363710334,0.01664671883498874,0.17702734283711147,2.2661282564532788,0.18005346971986516,0.064396140881088,0.0,0.8394015393928911,0.9328648426233014,10.000332195055927,12.431865838509317,0.8654892328980368,9.324929657794677,Conglomerate,
ORAN,ORAN (Synthetic Demo),Technology,Consumer Electronics,11.583521823312012,0.02359691836285105,0.6,0.0,0.2982141226502472,0.008990837819635502,0.2594909792973897,0.028918428845376157,0.010261293815307148,1.7419354838709677,1.28,12.438320794186449,29.5,45.2,23.8,Unknown,
TLSA,Tiziana Life Sciences Ltd,,,0.0,0.0,0.0,0.0,0.0,0.0,0.0,0.0,0.0,8.76923076923077,0.4525454258291602,8.05176881555139,0.0,100.0,0.0,MatureTech,
SONY,Sony Group Corporation,,,13.103659251268677,0.05276338525695934,0.31816298586238445,0.036785258788308815,0.11682639375237386,0.06419429924028179,0.1252594563735214,0.03745001487108783,0.0,0.20564930876433102,0.3022781144577745,11.167401997363054,0.0,0.018109183420985633,0.0,Unknown,
TU,TELUS Corporation,,,10.305480348653205,0.00848685592096765,0.6176383252499258,0.0017644731248715009,0.1339329597955372,0.050423176412408656,0.10021775710185093,0.1479758487577947,0.0,1.9942313787638668,0.5207851850769932,10.060771366966009,10.334184303288408,0.7291250161369255,0.0,Utilities,
VOD,Vodafone Group Public Limited Company,,,10.607036612224086,0.049747167237799594,0.31469810434739626,0.027890014383456885,0.10659647561849682,0.5250719291728607,0.1723387953832085,0.18086552482637602,0.06052742146758607,1.0395591807714337,0.24031886030737845,11.65707014135033,0.0,8.966779315066855,29.815884598305004,MatureTech,
LBRDA,Liberty Broadband Corporation,,,0.0,0.0,0.0,0.0,0.0,0.0,0.0,0.0,0.0,0.3064233064233064,-0.5487798327046525,9.722308114531922,0.0,0.9259460207090208,0.0,MatureTech,
LBRDK,Liberty Broadband Corporation,,,0.0,0.0,0.0,0.0,0.0,0.0,0.0,0.0,0.0,0.3064233064233064,0.0,9.722669976362525,0.0,0.9267178567918568,0.0,MatureTech,
CHTR,"Charter Communications, Inc.",,,10.735566965106313,0.001527940688444529,0.5642694315758512,0.013030990076147837,0.22821046481907473,0.019723770994422837,0.08011618501360394,0.22266343113464226,0.0,6.049644948299489,-0.13569934901661118,10.222281209090953,3.34535215121917,1.0391971582241186,5.342853763525058,Utilities,
LVOX,LVOX (Synthetic Demo),Technology,Consumer Electronics,11.583521823312012,0.02359691836285105,0.6,0.0,0.2982141226502472,0.008990837819635502,0.2594909792973897,0.028918428845376157,0.010261293815307148,1.7419354838709677,1.28,12.438320794186449,29.5,45.2,23.8,Unknown,
MAXR,MAXR (Synthetic Demo),Technology,Consumer Electronics,11.583521823312012,0.02359691836285105,0.6,0.0,0.2982141226502472,0.008990837819635502,0.2594909792973897,0.028918428845376157,0.010261293815307148,1.7419354838709677,1.28,12.438320794186449,29.5,45.2,23.8,Unknown,
OZON,OZON (Synthetic Demo),Technology,Consumer Electronics,11.583521823312012,0.02359691836285105,0.6,0.0,0.2982141226502472,0.008990837819635502,0.2594909792973897,0.028918428845376157,0.010261293815307148,1.7419354838709677,1.28,12.438320794186449,29.5,45.2,23.8,Unknown,
RKLB,Rocket Lab Corporation,,,8.88600878580402,0.5685725361417693,0.37264056499026194,0.20098482302998888,-0.33135315944360166,0.32036968604002736,-0.4825338752330507,0.19330270195775576,0.0,0.14748927609425655,4.960108622710238,10.545781410550253,0.0,20.407278280644004,0.0,MatureTech,
SPCE,"Virgin Galactic Holdings, Inc.",,,6.016197353512439,-0.5,-0.5,0.8198022818984977,-1.0,0.5558033392565783,-1.0,1.0,0.0,1.1833379568118438,3.510773617164063,7.620372184791352,0.0,0.15229255971587508,0.0,Conglomerate,
VSAT,"Viasat, Inc.",,,9.66518394133339,0.04078165662638722,0.3321877940727261,0.010841455722274051,0.10022046083426,3.0,0.12501402469513717,0.2191395636055324,0.0,1.4890810700853871,1.9552261060434972,9.743326691562093,0.0,1.1882634087369035,5.897390378540227,MatureTech,
TDOC,"Teladoc Health, Inc.",,,9.396108641587768,-0.014015677040016494,0.6896580812057136,0.008558869078928827,-0.08530354228516702,0.7798541482343625,0.04745248003599145,0.05746260263187493,0.0,0.7506397460933272,1.8182119244915786,8.953701131555945,0.0,0.6486792921442209,7.209408579362212,MatureTech,
HII,"Huntington Ingalls Industries, Inc.",,,10.120080134129454,0.04399469206483153,0.12400455062571103,0.06210256295855991,0.0706504325536687,0.10730983721867163,-0.006446719757299962,0.032764505119453925,0.0,0.57618766016164,0.24041152000843005,10.02998188026764,17.71032396694215,2.112112359550562,10.622416184971097,MatureTech,
BABA,Alibaba Group Holding Limited,,,12.019104238088474,0.042908991203199465,0.3819895480353043,0.026274824734211073,0.1359617845594772,0.11568845455763516,-0.046365880010067265,0.0,0.0,0.26555350904809755,0.45030157498210766,12.336995561679108,20.973424345656035,2.0479853394381675,12.46857709054955,Conglomerate,
SE,Sea Limited,,,10.442842731435643,0.32510850638692657,0.44342715621162954,0.019475706187774788,0.10089901815156016,0.4527255194711884,0.1692174340876004,0.0,0.0,0.26949636303124663,1.4036227657318592,10.730454365884363,34.06484062656948,4.2916522009358875,19.718429402517643,MatureTech,
JD,"JD.com, Inc.",,,12.118409577012926,0.0985927043915289,0.1658806886963831,0.03763441425429129,0.02148523587085636,0.31307619608519494,0.02811933262171492,0.0,0.0,0.4759376110913615,0.11215748672751463,10.907614544713978,4.117865161614794,0.359215299447476,1.3322105718496027,MatureTech,
BIDU,"Baidu, Inc.",,,11.104876163185754,-0.020716374605341148,0.4087138884961591,0.07004218480565662,0.07359833900169664,0.41170025793238085,-0.11037277911305905,0.0,0.0,0.36449892989899746,0.7811039629044995,11.372558682647776,42.19146184531043,0.8853981160719407,9.992514999625294,MatureTech,
PDD,PDD Holdings Inc.,,,11.653960502239979,0.32054925871701045,0.5631847116445978,0.046550023076140486,0.2765948263564214,0.0855989577260282,0.24568762807284028,0.0,0.0,0.01301158235106052,-0.24702627189601176,11.599754185436938,4.066553322890363,0.9624968296889692,2.403986556386261,Conglomerate,
EPAY,EPAY (Synthetic Demo),Technology,Consumer Electronics,11.583521823312012,0.02359691836285105,0.6,0.0,0.2982141226502472,0.008990837819635502,0.2594909792973897,0.028918428845376157,0.010261293815307148,1.7419354838709677,1.28,12.438320794186449,29.5,45.2,23.8,Unknown,
MANT,MANT (Synthetic Demo),Technology,Consumer Electronics,11.583521823312012,0.02359691836285105,0.6,0.0,0.2982141226502472,0.008990837819635502,0.2594909792973897,0.028918428845376157,0.010261293815307148,1.7419354838709677,1.28,12.438320794186449,29.5,45.2,23.8,Unknown,
FTIV,FTIV (Synthetic Demo),Technology,Consumer Electronics,11.583521823312012,0.02359691836285105,0.6,0.0,0.2982141226502472,0.008990837819635502,0.2594909792973897,0.028918428845376157,0.010261293815307148,1.7419354838709677,1.28,12.438320794186449,29.5,45.2,23.8,Unknown,
AKAM,"Akamai Technologies, Inc.",,,9.63576855862683,0.05069098786170634,0.5745235648650862,0.00989221546554963,0.15046047277026267,0.07022711371964828,0.145709735789068,0.18906832878616203,0.0,1.1402380895456659,-0.07424708308390505,10.231607588480854,37.70850972327119,3.424582045164003,16.240109078437147,MatureTech,
CDNS,"Cadence Design Systems, Inc.",,,9.766236044350785,0.13800506729865836,0.8587144116706406,0.01711677690242324,0.3093559665448249,0.016792638004840835,0.28636998312498085,0.031373728656338376,0.0,0.477959899389516,1.213467436171741,10.981385279680813,86.39678781806639,17.501131447791003,50.96029500199741,MatureTech,
SNPS,"Synopsys, Inc.",,,9.973887896516322,0.15172413794656525,0.7237516414068337,0.019458684591069222,0.260820041683099,0.0239119945927879,0.29179803673671595,0.020244858341214034,0.0,0.5045756432189353,1.399615863444321,10.87302115808277,56.03317207368152,2.6351864340652624,34.4174163430723,MatureTech,
FICO,Fair Isaac Corporation,,,9.379047040163835,0.14689049008072463,0.8509956863687163,0.015559840340075346,0.47026800859323237,0.04086477310743432,0.4014405230669605,0.0169917382994057,0.0,0.0,1.5370932028276714,10.220972741623932,25.5129757679317,0.0,20.57816228866036,SaaS,
VRSN,"VeriSign, Inc.",,,9.23246243853121,0.053329823511445884,0.8846536682475554,0.00649519841024557,0.6914765181697453,0.008751257469639768,0.6242168745242695,0.020610105978101763,0.0,0.0,0.004534352887791565,10.482303140484456,36.76891849339954,0.0,27.067388459250445,MatureTech,
FISV,"Fiserv, Inc.",,,10.31943920304605,0.05355965834892751,0.5622064602702962,0.010181114558654206,0.27343934317935165,0.03722833105058269,0.1881529761334228,0.09129684654461803,0.0,1.1291485732009925,0.7068562071598028,10.446332086930704,8.030689655172413,1.0835452853598015,6.283139794551139,Unknown,
FIS,"Fidelity National Information Services, Inc.",,,10.08639542712425,0.04213929873782063,0.3595606917465782,0.007672947755223995,0.14676407230495458,0.06394437538089795,0.15744611097451028,0.0864683222686665,0.0,0.9591337506295416,0.4525341079888918,10.282668326420374,50.18858638743455,1.3793826894021153,9.247547826086956,Unknown,
JKHY,"Jack Henry & Associates, Inc.",,,9.405575145599608,0.07163624949781,0.43653285331362945,0.02223902124408785,0.25868290349674317,0.04507038728911951,0.19907166495043901,0.10040088981818468,0.0,0.01949366187951065,-0.04370564373399228,10.016631116665058,20.666007287181568,5.063660198094592,11.955590175805412,Unknown,
CY,CY (Synthetic Demo),Technology,Consumer Electronics,11.583521823312012,0.02359691836285105,0.6,0.0,0.2982141226502472,0.008990837819635502,0.2594909792973897,0.028918428845376157,0.010261293815307148,1.7419354838709677,1.28,12.438320794186449,29.5,45.2,23.8,Unknown,
ANSS,ANSS (Synthetic Demo),Technology,Consumer Electronics,11.583521823312012,0.02359691836285105,0.6,0.0,0.2982141226502472,0.008990837819635502,0.2594909792973897,0.028918428845376157,0.010261293815307148,1.7419354838709677,1.28,12.438320794186449,29.5,45.2,23.8,MatureTech,
DNB,DNB (Synthetic Demo),Technology,Consumer Electronics,11.583521823312012,0.02359691836285105,0.6,0.0,0.2982141226502472,0.008990837819635502,0.2594909792973897,0.028918428845376157,0.010261293815307148,1.7419354838709677,1.28,12.438320794186449,29.5,45.2,23.8,Unknown,
ZG,"Zillow Group, Inc.",,,9.44870631990508,0.15239774624593028,0.7288256227758008,0.02258518339145212,0.016647309330236164,1.2628194119662037,0.07829181494661921,0.0597864768683274,0.0,0.09357084357084357,1.8822824447578854,9.81834146871024,200.0,1.3476149288390662,19.907147023650793,SaaS,
PAYX,"Paychex, Inc.",,,9.813714391881145,0.11073424237617391,0.7428593366093366,0.01389323756904318,0.39625307125307124,0.030932357685316287,0.35654176904176904,0.036071867321867325,0.0,1.2337822280527964,0.2985428519644025,10.55227717508361,20.264683824782683,9.549374849401623,12.96327158451869,SaaS,
TKO,"TKO Group Holdings, Inc.",,,9.72442850138411,0.21175771426094014,0.5945511983240608,0.10684131114888817,0.170923377100329,0.6981197100910903,0.3154306325908459,0.023155256935156566,0.0,1.0871342793255492,0.40493252997961504,10.1644022991421,74.7258858291838,3.906923663570827,13.504213834430692,Conglomerate,
TDY,Teledyne Technologies Incorporated,,,9.804439312407586,0.04170849884950134,0.4333898092369478,0.005096311902960114,0.1887202799489813,0.029578803730872027,0.17916980421686746,0.020268574297188754,0.0,0.2512959035181997,0.8320862373465349,10.46169463448297,32.35703055761064,2.753789834690267,20.96267508249463,MatureTech,
CPRT,"Copart, Inc.",,,9.666411921129642,0.09586217759140636,0.4553109627846627,0.002674552368422837,0.36512359268149186,0.02131894480000566,0.28869829637279965,0.07462899884821013,0.0,0.01129189369407947,0.7299865857779052,10.413599830808536,16.694848751308417,2.8211394526524507,12.139531746243662,Unknown,
BSY,"Bentley Systems, Incorporated",,,9.204673084331633,0.10568345654789613,0.8184463674105312,0.017250475519175537,0.2437475820343739,0.12138056034000874,0.31116533367789423,0.015221851652799963,0.0,1.0801386902614987,0.5584330421789493,9.96917991804906,33.52372918837116,7.831541202265319,24.254551995115,SaaS,
INFA,INFA (Synthetic Demo),Technology,Consumer Electronics,11.583521823312012,0.02359691836285105,0.6,0.0,0.2982141226502472,0.008990837819635502,0.2594909792973897,0.028918428845376157,0.010261293815307148,1.7419354838709677,1.28,12.438320794186449,29.5,45.2,23.8,Unknown,
DT,"Dynatrace, Inc.",,,9.321305488390598,0.18782848343109082,0.8136807556454376,0.002053960436544629,0.13075391389262814,0.15525472827412617,0.272265609714896,0.013286021189299795,0.0,0.06292587472572078,0.7302145247075763,10.236214366129731,105.90331855829938,6.596941447489651,56.58309665403809,SaaS,
MODN,MODN (Synthetic Demo),Technology,Consumer Electronics,11.583521823312012,0.02359691836285105,0.6,0.0,0.2982141226502472,0.008990837819635502,0.2594909792973897,0.028918428845376157,0.010261293815307148,1.7419354838709677,1.28,12.438320794186449,29.5,45.2,23.8,Unknown,
GRAB,Grab Holdings Limited,,,9.571941635074463,0.19522860933439357,0.4367631296891747,0.07237674383490313,0.10089020771513355,3.0,-0.04983922829581994,0.0334941050375134,0.0,0.30514268727705113,0.7691971508719301,10.07290331475566,44.1335152697015,1.7579937711474436,20.208476000541587,Conglomerate,
EVTC,"EVERTEC, Inc.",,,8.998329970938748,0.15814806294781314,0.5111789046359929,0.019427287088623374,0.23894472955019114,0.14513732137872581,0.1350573501097211,0.09740483977505666,0.0,1.8184830905750589,0.04040406152017447,9.246939091020373,12.471150184264426,2.8406903321235637,7.5134439520622855,Unknown,
NEWR,NEWR (Synthetic Demo),Technology,Consumer Electronics,11.583521823312012,0.02359691836285105,0.6,0.0,0.2982141226502472,0.008990837819635502,0.2594909792973897,0.028918428845376157,0.010261293815307148,1.7419354838709677,1.28,12.438320794186449,29.5,45.2,23.8,Unknown,
INTU,Intuit Inc.,,,10.331386800974823,0.1476237279972592,0.8017064528161134,0.007469867094730366,0.29247482282730325,0.09271300356324827,0.40176240208877284,0.010303991048116374,0.0,0.4433972198820556,0.3391634240600616,10.896640478562862,17.26253497152869,4.150207175652906,11.593866368872032,SaaS,
LSPD,Lightspeed Commerce Inc.,,,9.095102370732286,0.16167325505236363,0.4309162537515826,0.010923880342090525,-0.11636238576222897,0.733752982431646,-0.017488640818503737,0.05217672122929801,0.0,0.013596044100672082,1.6986348271363125,9.171577977092342,0.0,1.0009037476266762,100.0,Unknown,
MELI,"MercadoLibre, Inc.",,,10.546320524270813,0.38295231036303834,0.426752316525496,0.051533702369834615,0.10390059876094557,0.0752730956668275,0.35270877153089647,0.04252174407367404,0.0,1.6882039122703023,0.622436124994494,10.930772273683115,42.69669005336004,12.635638713183166,24.342222522659686,Unknown,
NICE,NICE Ltd.,,,9.48705419623912,0.1130407737765593,0.6511783228345559,0.008071213859158098,0.2390226247785105,0.08474311703422281,0.18292242307548207,0.03603173905040228,0.0,0.022907354209746454,0.1469127730592677,9.860219711102125,11.841224691513329,1.8697209138951145,7.704284068185871,Unknown,
PTC,PTC Inc.,,,9.470406374421048,0.14290262244317664,0.8450063169183729,0.02443589350668249,0.3640429814845507,0.21809383813506333,0.31668682032192585,0.006715364939139572,0.0,0.35802012895725793,0.9949252142864577,10.22838732351272,23.05117345166261,4.421975830510929,15.985124791190628,SaaS,
OTEX,Open Text Corporation,,,9.719861482104804,-0.046416442091763765,0.7373551888237289,0.008618720296839669,0.23078030062894545,0.1400466186720581,0.15391827654805645,0.037987946403639374,0.0,1.487855322134155,0.7257577883575073,9.779557181327993,9.36119623841797,1.4995762759559792,6.070597941610063,Unknown,
QLYS,"Qualys, Inc.",,,8.846941116006327,0.098548666286842,0.8332818854670921,0.011170273777908265,0.3317048384083691,0.04984117595016105,0.4466106287972437,0.00994627135738438,0.0,0.09315462984248503,0.8542600564982594,9.857987425112817,36.3597519160952,12.85008901315684,29.65992649391185,Unknown,
RNG,"RingCentral, Inc.",,,9.412275365781452,0.06863721992960148,0.7182686777883647,0.00815018920411387,0.046325813810910076,3.0,0.22310865212171688,0.03651111615086973,0.0,0.0,0.7774109202474413,9.87313260842276,172.08101115438686,0.0,25.429610711874002,Unknown,
SAP,SAP SE,,,10.58198377286074,0.08592016755919452,0.7275678789306941,0.004565855076930922,0.292445652173913,0.2721362294943364,0.2285759170528631,0.019244364150498783,0.0,0.16767595209258512,0.7064163292086656,11.38636643963859,33.99325607845133,5.459689292104921,20.10119330554046,Unknown,
ZI,ZI (Synthetic Demo),Technology,Consumer Electronics,11.583521823312012,0.02359691836285105,0.6,0.0,0.2982141226502472,0.008990837819635502,0.2594909792973897,0.028918428845376157,0.010261293815307148,1.7419354838709677,1.28,12.438320794186449,29.5,45.2,23.8,Unknown,
SSNC,"SS&C Technologies Holdings, Inc.",,,9.817188420852617,0.06762340183156446,0.4810413905519248,0.004894979449150155,0.2247217882082842,0.03162505478048783,0.2290571728897217,0.04760598997608275,0.0,1.1101980370520936,0.8432328778193856,10.29470931893336,24.734634207554272,2.861813984551948,12.726792220697487,Conglomerate,
ZUO,ZUO (Synthetic Demo),Technology,Consumer Electronics,11.583521823312012,0.02359691836285105,0.6,0.0,0.2982141226502472,0.008990837819635502,0.2594909792973897,0.028918428845376157,0.010261293815307148,1.7419354838709677,1.28,12.438320794186449,29.5,45.2,23.8,Unknown,
BEL,BEL (Synthetic Demo),Technology,Consumer Electronics,11.583521823312012,0.02359691836285105,0.6,0.0,0.2982141226502472,0.008990837819635502,0.2594909792973897,0.028918428845376157,0.010261293815307148,1.7419354838709677,1.28,12.438320794186449,29.5,45.2,23.8,Unknown,
BRKS,BRKS (Synthetic Demo),Technology,Consumer Electronics,11.583521823312012,0.02359691836285105,0.6,0.0,0.2982141226502472,0.008990837819635502,0.2594909792973897,0.028918428845376157,0.010261293815307148,1.7419354838709677,1.28,12.438320794186449,29.5,45.2,23.8,Unknown,
WK,Workiva Inc.,,,8.98484088224356,0.18490053458266686,0.8020983807550401,0.015761647486869812,-0.010895714066075193,0.7242793555411462,0.20725237833399088,0.0018204467861037158,0.0,0.0,0.3575872303176543,9.574081009086006,0.0,0.0,100.0,SaaS,
ADSK,"Autodesk, Inc.",,,9.891537457672564,0.1449440391690835,0.9124518613607189,0.001869853224818372,0.24895920066611157,0.0795001943798115,0.3599486521181001,0.011810012836970476,0.0,0.8978653530377668,0.9085476896562366,10.658774320844357,40.55160142348755,14.9688013136289,23.159879336349924,ConsumerCyclical,
AXGN,"Axogen, Inc.",,,8.399974681876738,0.1900821927444274,0.7455588556140365,0.01273912710390303,-0.03552715711697631,0.8547455882956564,0.02591828772086283,0.033988390518126875,0.0,0.5248783440825164,0.7398366749159188,9.200587292950338,0.0,12.3172280350338,100.0,SaaS,
AOSL,Alpha and Omega Semiconductor Limited,,,8.831823080316527,0.016338350642161936,0.2232110374163938,0.06917117611313489,-0.05133983476868647,0.7884061270520801,-0.10110218035223227,0.07706424991199348,0.0,0.03506951363640352,4.157056015009759,8.922339745337332,0.0,1.0480710764869325,30.51877472650145,Semiconductor,
EGLX,EGLX (Synthetic Demo),Technology,Consumer Electronics,11.583521823312012,0.02359691836285105,0.6,0.0,0.2982141226502472,0.008990837819635502,0.2594909792973897,0.028918428845376157,0.010261293815307148,1.7419354838709677,1.28,12.438320794186449,29.5,45.2,23.8,Unknown,
AUDC,AudioCodes Ltd.,,,8.396640394167665,0.002495015387630417,0.657404324120472,0.0032451748861910988,0.056049575739808795,0.05122357988909992,0.0866067810618127,0.022102040898203834,0.0,0.2217350947758014,0.7161470851862962,8.54583383118066,39.2435458358459,2.0515353443978075,19.117101992111547,Unknown,
TYL,"Tyler Technologies, Inc.",,,9.38554496762238,0.09315998247224799,0.4720526395289541,0.026696424553590767,0.16949201231381358,0.15991441524609884,0.29048668186497106,0.010274701326154267,0.0,0.1735470209077536,0.4335503665559198,10.129946370058702,42.73711950830632,3.64264966979755,24.14529909804723,MatureTech,
EMKR,EMKR (Synthetic Demo),Technology,Consumer Electronics,11.583521823312012,0.02359691836285105,0.6,0.0,0.2982141226502472,0.008990837819635502,0.2594909792973897,0.028918428845376157,0.010261293815307148,1.7419354838709677,1.28,12.438320794186449,29.5,45.2,23.8,Unknown,
CSTM,Constellium SE,,,9.981184137398355,0.03904111567904578,0.16301169590643275,0.03836783513014992,0.06083560184637235,0.2568447840038194,0.022765246449456975,0.03477443609022556,0.0,2.042016806722689,2.051771807618559,9.546660948790514,12.897285145787546,3.698486181512605,6.332889626540283,Unknown,
FCS,FCS (Synthetic Demo),Technology,Consumer Electronics,11.583521823312012,0.02359691836285105,0.6,0.0,0.2982141226502472,0.008990837819635502,0.2594909792973897,0.028918428845376157,0.010261293815307148,1.7419354838709677,1.28,12.438320794186449,29.5,45.2,23.8,Unknown,
ECX,ECARX Holdings Inc.,,,8.945103072513026,0.13151013226132902,0.20874931064455585,0.15348759339411178,-0.051804665403876585,0.4593942024254113,-0.12091691649891405,0.0,0.0,0.0,2.850278282050215,8.461828853271347,0.0,0.0,0.0,Conglomerate,
FORM,"FormFactor, Inc.",,,8.955314856913345,0.08803464202056555,0.43127379533930005,0.014231138452071888,0.0890606667830159,0.17512596969204508,0.15087256504752142,0.048334949707667156,0.0,0.031251599618699194,1.5721784705706936,10.059631987037593,200.0,11.079561386725748,100.0,Unknown,
INFN,INFN (Synthetic Demo),Technology,Consumer Electronics,11.583521823312012,0.02359691836285105,0.6,0.0,0.2982141226502472,0.008990837819635502,0.2594909792973897,0.028918428845376157,0.010261293815307148,1.7419354838709677,1.28,12.438320794186449,29.5,45.2,23.8,Unknown,
GFS,GLOBALFOUNDRIES Inc.,,,9.841234295506041,-0.04151375208306329,0.27140386278466416,0.0685251685081776,0.1415108231482845,0.7798945410752215,0.11473046987604497,0.1614298068607668,0.0,0.14310865191146882,2.041060902494179,10.43903044049177,31.05182785041808,2.303895678036553,12.034667097854946,Unknown,
FSLR,"First Solar, Inc.",,,9.730626531376439,0.25409866871918063,0.44016172341346926,0.05060121808901995,0.3113483297620252,0.094033748085424,0.27893253919481537,0.121906906770104,0.0,0.06870785080257451,2.4715508181317256,10.26986336492409,12.180775200143435,1.951669906167891,7.643847494425,Unknown,
FFIV,"F5, Inc.",,,9.519740338793344,0.047721358256872515,0.8186552452277378,0.012749490361844848,0.2562870943423599,0.11955877717660152,0.2929881317438081,0.024127527851542246,0.0,0.07288170180448268,0.8635027244951263,10.434230827506749,39.254216470724174,7.566492752364352,29.526371980195332,Unknown,
GSM,Ferroglobe PLC,,,9.135909867600086,-0.1004736973937923,0.3112673635868353,0.22957488058734438,-0.11813311302870676,3.0,-0.00944900891809177,0.044457363915916176,0.0,0.43637941831747584,1.1541655713119163,8.902256913702661,0.0,1.340571026649676,0.0,Unknown,
IPHI,IPHI (Synthetic Demo),Technology,Consumer Electronics,11.583521823312012,0.02359691836285105,0.6,0.0,0.2982141226502472,0.008990837819635502,0.2594909792973897,0.028918428845376157,0.010261293815307148,1.7419354838709677,1.28,12.438320794186449,29.5,45.2,23.8,Unknown,
IXYS,IXYS (Synthetic Demo),Technology,Consumer Electronics,11.583521823312012,0.02359691836285105,0.6,0.0,0.2982141226502472,0.008990837819635502,0.2594909792973897,0.028918428845376157,0.010261293815307148,1.7419354838709677,1.28,12.438320794186449,29.5,45.2,23.8,Unknown,
HIMX,"Himax Technologies, Inc.",,,8.918359080253573,-0.06180615313627469,0.3107357110014518,0.042051741894009634,0.07012724517618332,0.20885236629104972,0.03249954442710653,0.021872326149159994,0.0,0.6700216702186722,2.7750486822207785,9.725602592210933,120.99632842479004,5.950596918262084,69.92353791390114,MatureTech,
ICHR,"Ichor Holdings, Ltd.",,,9.005932580831542,0.08089096518894245,0.1038634619444165,0.13386491579108262,-0.043207844229738335,0.6453493591975907,-0.02525760687504069,0.024887694647813968,0.0,0.24129293282280392,1.3820969138728,9.259114368891858,0.0,2.735400100438931,0.0,Conglomerate,
NPTN,NPTN (Synthetic Demo),Technology,Consumer Electronics,11.583521823312012,0.02359691836285105,0.6,0.0,0.2982141226502472,0.008990837819635502,0.2594909792973897,0.028918428845376157,0.010261293815307148,1.7419354838709677,1.28,12.438320794186449,29.5,45.2,23.8,Semiconductor,
IRDM,Iridium Communications Inc.,,,8.946535283963938,0.049931882009970785,0.7185085656701378,0.004629200886497875,0.26738093681129893,0.3388721001675465,0.32609602915279773,0.12080835224940029,0.0,3.8057198443579767,0.7497622826240553,9.789874038229202,53.89572552722694,13.325036575875487,17.660007670234076,Utilities,
KSCP,"Knightscope, Inc.",,,7.3161591281079685,-0.058854701066421655,-0.0994736587956927,0.3587834348822974,-1.0,0.16052864331073463,-1.0,0.04196243179294027,0.0,0.28019880429302024,-0.23373943253573795,5.7607141567044975,0.0,0.020758732730677805,0.0,Unknown,
LEDS,SemiLEDs Corporation,,,7.413836012930866,1.5,0.1046197747956193,0.4384439663389499,-0.022995187053872445,0.6502080610876168,0.14946783896344285,0.0060542958506864105,0.0,1.024820143884892,1.5084830402487264,7.049614910503975,0.0,4.032460431654676,0.0,Unknown,
MAGS,MAGS (Synthetic Demo),Technology,Consumer Electronics,11.583521823312012,0.02359691836285105,0.6,0.0,0.2982141226502472,0.008990837819635502,0.2594909792973897,0.028918428845376157,0.010261293815307148,1.7419354838709677,1.28,12.438320794186449,29.5,45.2,23.8,Unknown,
MTSI,"MACOM Technology Solutions Holdings, Inc.",,,9.065943279469677,0.22137019526945223,0.5653605664731343,0.043770435535611316,-0.024304787347326152,0.9133898413976549,0.10633141290097545,0.12665145441393022,0.0,0.4053892147886926,2.0072424306053738,10.35240787583947,0.0,16.96312502119291,100.0,Semiconductor,
MX,Magnachip Semiconductor Corporation,,,8.249022157130069,-0.11825186349868988,0.15871790247311585,0.10063005851338494,-0.17041261321704126,0.08200927484183547,-0.11663886196090809,0.13155758955745428,0.0,0.18818126888217523,3.2639402556620882,8.207565531778203,0.0,0.6496452608257806,0.0,Semiconductor,
NVAX,"Novavax, Inc.",,,8.616786288199402,0.4210061052918248,0.7860274144747653,0.33663911883471936,0.41363835016052813,2.181817097170202,-0.10397635549884485,0.014799563069725179,0.0,0.0,3.9395655667244123,8.954231697582221,2.044000696294816,0.0,1.8446166766803362,SaaS,
QUOT,QUOT (Synthetic Demo),Technology,Consumer Electronics,11.583521823312012,0.02359691836285105,0.6,0.0,0.2982141226502472,0.008990837819635502,0.2594909792973897,0.028918428845376157,0.010261293815307148,1.7419354838709677,1.28,12.438320794186449,29.5,45.2,23.8,Unknown,
OLED,Universal Display Corporation,,,8.783122862211107,0.06239933427030331,0.753339880179533,0.004235869798464292,0.38206854787269195,0.014623132848108233,0.28013471564059134,0.1518698056377573,0.0,0.010912431949910819,1.3537193719979324,9.584252682498576,15.859983894825984,2.180161373239017,12.603694887063169,Unknown,
OMCL,"Omnicell, Inc.",,,9.095763004541974,0.01631388407787715,0.44768160500135157,0.009954666521733274,0.004355000021099806,1.8084273191202502,0.10168099378921844,0.04385086103105551,0.0,0.1658894930565816,1.5236954090924728,9.17710320135195,200.0,1.2205569996768992,16.464302677734928,Unknown,
OSIS,"OSI Systems, Inc.",,,9.251877563879047,0.07734207180144259,0.33208136243101843,0.016344883632441725,0.12260468178886261,0.016109881624712375,0.12729901275711317,0.027183894144628396,0.0,1.2017957623466164,1.0859773723229338,9.521097326001497,21.45735234727977,3.9854068065611714,15.139918351043498,Semiconductor,
ONTO,Onto Innovation Inc.,,,9.049271142942821,0.11001768797917166,0.5035616179092379,0.020429236801996386,0.1505586100353838,0.14300210278755976,0.22539296532477723,0.01227528418398821,0.0,0.008318865568560544,1.2025911151867006,10.20295545487573,116.68083767795903,7.596304700408969,73.79248633079938,Unknown,
SOL,SOL (Synthetic Demo),Technology,Consumer Electronics,11.583521823312012,0.02359691836285105,0.6,0.0,0.2982141226502472,0.008990837819635502,0.2594909792973897,0.028918428845376157,0.010261293815307148,1.7419354838709677,1.28,12.438320794186449,29.5,45.2,23.8,Unknown,
RBBN,Ribbon Communications Inc.,,,8.901806924821766,0.010962626271362907,0.4877676646106013,0.029138082029023914,-0.00021905000970924367,0.8563190475598789,0.008523895491700517,0.019347073867910337,0.0,0.9023127257825272,1.950679083531971,8.474121876601314,7.516783760974872,0.6635617428072536,9.988528074782666,Utilities,
PAR,PAR Technology Corporation,,,8.69606530516532,0.28307200500583973,0.42236750176677734,0.1250468273854886,-0.166129949269779,0.18605937124151478,-0.04904493352689025,0.023309380329274945,0.0,0.48761800884687634,1.8413912930009997,8.590280377857706,0.0,0.47178863388474823,0.0,Unknown,
PXLW,"Pixelworks, Inc.",,,0.0,-0.5,0.4490488650024751,0.2714951253594125,-1.0,0.6898298065349862,1.0,0.0,0.0,0.0,2.263106189924102,7.509029549272005,0.0,0.0,0.0,Unknown,
RMBS,Rambus Inc.,,,8.87871190133889,0.23878960223538925,0.7946560434518749,0.01427538045475153,0.4003914475078784,0.05249659638244503,0.3960369203430773,0.043855137499322384,0.0,0.018308811404071312,2.5320910108566204,10.080955746353371,52.284096944392616,8.830922594734044,36.552808517573574,SaaS,
TESS,TESS (Synthetic Demo),Technology,Consumer Electronics,11.583521823312012,0.02359691836285105,0.6,0.0,0.2982141226502472,0.008990837819635502,0.2594909792973897,0.028918428845376157,0.010261293815307148,1.7419354838709677,1.28,12.438320794186449,29.5,45.2,23.8,Unknown,
SNDX,"Syndax Pharmaceuticals, Inc.",,,8.401832896588319,0.0,0.9577920404676294,0.0028881391277402993,-1.0,0.8015321366756669,-0.8755842395074747,0.0002220011020768996,0.0,5.344762494197741,-0.20531320789702223,9.078732379277817,0.0,18.54804852235804,0.0,MatureTech,
TPRO,TPRO (Synthetic Demo),Technology,Consumer Electronics,11.583521823312012,0.02359691836285105,0.6,0.0,0.2982141226502472,0.008990837819635502,0.2594909792973897,0.028918428845376157,0.010261293815307148,1.7419354838709677,1.28,12.438320794186449,29.5,45.2,23.8,Unknown,
SONO,"Sonos, Inc.",,,9.17328768910569,-0.06622500352631089,0.46513297565400835,0.020896679278061898,-0.034665580249377104,0.9421887758735564,0.08397300496259934,0.014720722945245002,0.0,0.16784573157857696,1.59271259757275,9.350642658629775,0.0,6.311595177985783,100.0,Unknown,
SPWR,SunPower Inc.,,,8.434359689763006,0.8504140456255611,0.5061849640819659,0.28733583482078473,-0.05860333333333333,0.8136486984224046,-0.22179432005855762,0.0,0.0,0.0,1.7326048446461728,7.133128878193132,0.0,0.0,0.0,Unknown,
SSYS,Stratasys Ltd.,,,8.738204022525368,-0.0629231303496417,0.4040981374926225,0.03490532305310348,-0.13153463424193707,0.05281316323529922,-0.046287684574243565,0.03791526349737699,0.0,0.03143907936884565,2.127080555781902,8.766150619632231,0.0,0.6924279114960256,0.0,Unknown,
STM,STMicroelectronics N.V.,,,10.11723814213982,-0.1737837178417566,0.327047866249332,0.14320471695650672,0.038559322033898315,0.6330928627768131,0.01648980838231926,0.15703488815940148,0.0,0.13203948844514246,1.976231026559263,10.71395528000472,200.0,2.903037558300426,22.205436807873536,Unknown,
SYNA,Synaptics Incorporated,,,9.078166708168153,0.11707799542522901,0.4472101570330772,0.011728361576749627,-0.046775810223855664,0.15441308371928303,0.08469762779819578,0.04009355162044771,0.0,0.90080688542227,2.4333699329634433,9.669405852458015,0.0,5.025235953953739,54.005936238805965,Unknown,
VECO,Veeco Instruments Inc.,,,8.81646866490417,-0.0016076003815901352,0.38570641633465225,0.02991072735139216,0.07304446525183127,1.0785389528632894,0.06544359213419537,0.022199062170496976,0.0,0.29588632074885746,1.7713966226761015,9.471918384108484,83.76022233455778,3.3475371435185868,44.684625248676014,Unknown,
MMC,MMC (Synthetic Demo),Technology,Consumer Electronics,11.583521823312012,0.02359691836285105,0.6,0.0,0.2982141226502472,0.008990837819635502,0.2594909792973897,0.028918428845376157,0.010261293815307148,1.7419354838709677,1.28,12.438320794186449,29.5,45.2,23.8,Bank,
WLTW,WLTW (Synthetic Demo),Technology,Consumer Electronics,11.583521823312012,0.02359691836285105,0.6,0.0,0.2982141226502472,0.008990837819635502,0.2594909792973897,0.028918428845376157,0.010261293815307148,1.7419354838709677,1.28,12.438320794186449,29.5,45.2,23.8,Unknown,
TRMB,Trimble Inc.,,,9.577824860980238,-0.028223594295709642,0.6979830288931772,0.04801874865183885,0.16274077997379643,0.6845121439643318,0.2043670200111026,0.0068730339157788995,0.0,0.2385456290051746,1.190128569527952,10.152339967306759,33.49454716981133,2.4333792536239334,19.574439198672962,Unknown,
AJG,Arthur J. Gallagher & Co.,,,10.197412894374652,0.1765345378124723,0.41865336278467513,0.004349914918695443,0.1800315593171711,0.1152767100393262,0.14503516388656157,0.010409525985731333,0.0,0.5782342095107413,0.2517986076012685,10.680450726702247,32.070086345381526,2.054487757814845,16.52029432819383,Bank,
VSH,"Vishay Intertechnology, Inc.",,,9.521056842107782,-0.050200769278889945,0.20926805887486785,0.17253814559258382,0.02090680888666453,1.0592301314320267,-0.0020964764794860727,0.10634157774692193,0.0,0.513935677950153,3.127043089628889,9.743230639074413,0.0,2.651205339254015,21.096124386193242,Unknown,
AON,Aon plc,,,10.244944752727179,0.1333422752719764,0.4856915287022814,0.01001571220591116,0.3244281473720971,0.0855925191319672,0.18478693747510952,0.01610058599305911,0.0,1.7184559452523525,0.4180975082661304,10.743078627193304,14.978357239512855,5.9179886655260905,10.737160550458716,Insurance,
KKR,KKR & Co. Inc.,,,10.323459109232562,0.1580328875405146,0.22486229368268887,0.32597867282600657,0.529535426288754,0.18205297620350822,0.11110731244713921,0.0070539290626093895,0.0,1.7648335036050895,1.5999140142921504,10.89069852678561,32.7993582091853,2.51596186667571,11.345447070110092,Unknown,
APO,"Apollo Global Management, Inc.",,,10.555058155043868,-0.009155376950503058,0.95445301835808,0.006351359800465437,0.21988205560235888,0.21199238250213517,0.26389391871187007,0.0,0.0,0.5725547320166231,1.170367613724545,10.813066274576023,18.620530056059565,2.785779998961484,6.976514620872846,Unknown,
CG,The Carlyle Group Inc.,,,9.443497677808585,0.5577296535224663,0.0,0.0,0.0,0.0,-1.0,0.04512875922924545,0.0,2.411385923804565,1.258529710784157,10.159167971457522,17.83941170149623,2.5039889339581705,0.0,Unknown,
BX,Blackstone Inc.,,,10.133955343952719,0.33085554907367576,0.0,0.0,0.0,0.0,0.40301330040218036,0.008201764087055603,0.0,1.5355288299867775,1.384332983021967,10.919033914827352,27.487802274532378,9.577209445393159,0.0,Unknown,
NXDT,NexPoint Diversified Real Estate Trust,,,0.0,0.0,0.0,0.0,0.0,0.0,1.0,0.0,0.0,0.4297666800838342,1.125499560592947,8.294489543181149,0.0,0.27344730120615707,0.0,REIT,
ABMD,ABMD (Synthetic Demo),Technology,Consumer Electronics,11.583521823312012,0.02359691836285105,0.6,0.0,0.2982141226502472,0.008990837819635502,0.2594909792973897,0.028918428845376157,0.010261293815307148,1.7419354838709677,1.28,12.438320794186449,29.5,45.2,23.8,Unknown,
BRO,"Brown & Brown, Inc.",,,9.823734988398732,0.17152449211594822,0.4962484993997599,0.010341605159193473,0.29099427381572096,0.04255764442860504,0.21698679471788715,0.011104441776710685,0.0,0.6310671873754682,0.14804539190415011,10.229592568608096,16.097259962049336,1.3522365505698573,11.64653228962818,Unknown,
AOS,A. O. Smith Corporation,,,9.580343247172587,-0.0029372455995437807,0.38592341454440326,0.007415817688245959,0.1902250535220093,0.017634738900648646,0.16804646639859128,0.013903124917869063,0.0,0.10339074273412271,0.37921540541297194,9.933457561107703,15.70745648709264,4.617552601318622,10.56533456218508,Unknown,
ALXN,ALXN (Synthetic Demo),Technology,Consumer Electronics,11.583521823312012,0.02359691836285105,0.6,0.0,0.2982141226502472,0.008990837819635502,0.2594909792973897,0.028918428845376157,0.010261293815307148,1.7419354838709677,1.28,12.438320794186449,29.5,45.2,23.8,Unknown,
ARGN,ARGN (Synthetic Demo),Technology,Consumer Electronics,11.583521823312012,0.02359691836285105,0.6,0.0,0.2982141226502472,0.008990837819635502,0.2594909792973897,0.028918428845376157,0.010261293815307148,1.7419354838709677,1.28,12.438320794186449,29.5,45.2,23.8,Unknown,
ALGN,"Align Technology, Inc.",,,9.616951244186978,0.02211339300758519,0.6804646032450045,0.019470370641642705,0.1450597824416773,0.07027826672962942,0.15305329201465287,0.029502610440020755,0.0,0.028264224539143675,1.3390672016777212,10.045571690998726,27.06550874738943,2.7428884602114967,12.30742449379943,MatureTech,
A,"Agilent Technologies, Inc.",,,9.867585326547037,0.008379932997799822,0.5382528486163863,0.027944177738774435,0.2226540011514105,0.07058333509766555,0.17186652197504068,0.04639175257731959,0.0,0.4975522919448153,1.209778957343462,10.694562206038707,37.985495011511894,7.342397270434653,27.82566757493188,MatureTech,
TXT,Textron Inc.,,,10.18466304462968,0.039981279240542955,0.17765867050133996,0.06367127142633446,0.08534360429758768,0.05344219428867909,0.049611085691875285,0.03117850839924178,0.0,0.49244444444444446,1.0934770105784442,10.2022433647563,17.297515743756787,2.022985650793651,10.687507211538462,Conglomerate,
ARNA,ARNA (Synthetic Demo),Technology,Consumer Electronics,11.583521823312012,0.02359691836285105,0.6,0.0,0.2982141226502472,0.008990837819635502,0.2594909792973897,0.028918428845376157,0.010261293815307148,1.7419354838709677,1.28,12.438320794186449,29.5,45.2,23.8,Unknown,
ATNF,ATNF (Synthetic Demo),Technology,Consumer Electronics,11.583521823312012,0.02359691836285105,0.6,0.0,0.2982141226502472,0.008990837819635502,0.2594909792973897,0.028918428845376157,0.010261293815307148,1.7419354838709677,1.28,12.438320794186449,29.5,45.2,23.8,Unknown,
ANIK,"Anika Therapeutics, Inc.",,,8.081541724497033,-0.03356636383515599,0.6216453660881529,0.07688598559512135,-0.09795335892004005,0.9631878524906202,0.00465794751935286,0.044880401810134765,0.0,0.18295751577039696,-0.333140095888364,8.446129242001946,0.0,1.9470776844526543,0.0,Unknown,
BIVV,BIVV (Synthetic Demo),Technology,Consumer Electronics,11.583521823312012,0.02359691836285105,0.6,0.0,0.2982141226502472,0.008990837819635502,0.2594909792973897,0.028918428845376157,0.010261293815307148,1.7419354838709677,1.28,12.438320794186449,29.5,45.2,23.8,Unknown,
ASND,Ascendis Pharma A/S,,,9.01995497757825,0.6431601427625544,0.9129672785620141,0.0222791838090291,-0.18330528292035347,0.6630832421102755,0.3200702947412657,0.003289335447269393,0.0,0.0,0.4323470390989816,10.114720826885575,0.0,0.0,0.0,SaaS,
AXSM,"Axsome Therapeutics, Inc.",,,8.890180049875166,0.5360848091885928,0.9323563005991741,0.009820603783084579,-0.27744418132611637,0.4000965192184308,-0.09266272539851578,0.0009014009057791388,0.0,2.4702757800554958,1.0790445655929248,9.891934613505587,0.0,88.30768556826547,0.0,SaaS,
BXLT,BXLT (Synthetic Demo),Technology,Consumer Electronics,11.583521823312012,0.02359691836285105,0.6,0.0,0.2982141226502472,0.008990837819635502,0.2594909792973897,0.028918428845376157,0.010261293815307148,1.7419354838709677,1.28,12.438320794186449,29.5,45.2,23.8,Unknown,
BBIO,"BridgeBio Pharma, Inc.",,,8.853131556316608,1.5,0.9443882709807887,0.12371520372030653,-1.0,1.3124998555078256,-0.6139504031166689,0.004789157851484218,0.0,0.0,0.496954946121864,10.005590997828058,0.0,0.0,0.0,SaaS,
BAX,Baxter International Inc.,,,10.059563417901268,0.041790854887959306,0.3007846556233653,0.11822970026763566,-0.01912130914265386,1.7714908210123066,0.07079337401918047,0.04420226678291195,0.0,1.595692608908468,0.4062578715856926,10.073685947525547,0.0,1.9332869801762111,25.669864101174934,Unknown,
BDX,"Becton, Dickinson and Company",,,10.318897714627488,0.06179111489522837,0.46444337811900194,0.033693073683300004,0.11419413919413918,0.05898426314253211,0.12159309021113243,0.034932821497120924,0.0,0.7554549035053171,-0.08668662960753942,10.699815762043027,29.855462650774736,1.9731180121307603,13.849367701372074,Unknown,
CBM,CBM (Synthetic Demo),Technology,Consumer Electronics,11.583521823312012,0.02359691836285105,0.6,0.0,0.2982141226502472,0.008990837819635502,0.2594909792973897,0.028918428845376157,0.010261293815307148,1.7419354838709677,1.28,12.438320794186449,29.5,45.2,23.8,Unknown,
BIO,"Bio-Rad Laboratories, Inc.",,,9.41318237132965,-0.016609942702360936,0.5189819642374387,0.01532831139944244,0.40434344998451527,2.0170902687604406,0.13636890279226047,0.05387556482446993,0.0,0.1859638295588709,0.9744115355193269,10.03841991504767,14.376841027529938,1.4657295128287,9.737384491958013,Unknown,
CERN,CERN (Synthetic Demo),Technology,Consumer Electronics,11.583521823312012,0.02359691836285105,0.6,0.0,0.2982141226502472,0.008990837819635502,0.2594909792973897,0.028918428845376157,0.010261293815307148,1.7419354838709677,1.28,12.438320794186449,29.5,45.2,23.8,Unknown,
BOLD,"Boundless Bio, Inc.",,,0.0,0.0,0.0,0.0,0.0,0.0,0.0,0.0,0.0,0.49704016056115313,0.0006487355152941599,7.7654230491055145,0.0,0.590620273481055,0.0,Unknown,
CDNA,"CareDx, Inc.",,,8.66094986327432,0.1639925431163034,0.7058191748764978,0.026897797235048298,-0.06601018943931757,0.643634453583115,0.1834359698661177,0.021017749825907192,0.0,0.08642003820508676,2.7023030453233634,9.555669627177267,0.0,11.859933611238498,0.0,SaaS,
CRL,"Charles River Laboratories International, Inc.",,,9.601949992321208,-0.013903348832365436,0.3267112396214341,0.04796839339950952,0.0018742924085429482,0.9393613152256003,0.09267471987280779,0.05289914670890403,0.0,0.8122301817274057,1.2207525516202102,10.169775484214563,0.0,4.671459020485807,41.71979553984782,Unknown,
CHRS,"Coherus Oncology, Inc.",,,7.707024836855785,-0.5,0.6893749018376001,0.2370631624509759,-1.0,0.6764538287147568,-1.0,0.0,0.0,0.6610941751073525,1.940550482537038,7.9612680367219655,0.5443731762129219,1.4991273897793949,0.0,MatureTech,
CSD,CSD (Synthetic Demo),Technology,Consumer Electronics,11.583521823312012,0.02359691836285105,0.6,0.0,0.2982141226502472,0.008990837819635502,0.2594909792973897,0.028918428845376157,0.010261293815307148,1.7419354838709677,1.28,12.438320794186449,29.5,45.2,23.8,Unknown,
DHR,Danaher Corporation,,,10.399794822578217,0.014090762873487872,0.5851356195483332,0.0052302147772280965,0.1830836860957343,0.08036588163067132,0.2177082088660533,0.04656072011789541,0.0,0.3749191000114212,0.2993988191116756,11.192845831044828,43.13776923076923,2.9675999923858836,24.61927976961843,Unknown,
ELLI,ELLI (Synthetic Demo),Technology,Consumer Electronics,11.583521823312012,0.02359691836285105,0.6,0.0,0.2982141226502472,0.008990837819635502,0.2594909792973897,0.028918428845376157,0.010261293815307148,1.7419354838709677,1.28,12.438320794186449,29.5,45.2,23.8,Unknown,
ENDP,ENDP (Synthetic Demo),Technology,Consumer Electronics,11.583521823312012,0.02359691836285105,0.6,0.0,0.2982141226502472,0.008990837819635502,0.2594909792973897,0.028918428845376157,0.010261293815307148,1.7419354838709677,1.28,12.438320794186449,29.5,45.2,23.8,Unknown,
EFX,Equifax Inc.,,,9.809189228025422,0.07410770481536022,0.5554038327255799,0.006657530790864579,0.1822701456910034,0.0019689146057293785,0.17146403910311117,0.07873380401893088,0.0,1.1062050691744674,0.8979678105510235,10.23426412437879,25.973042556413752,3.7247790109245704,12.029060574668774,Unknown,
EPZM,EPZM (Synthetic Demo),Technology,Consumer Electronics,11.583521823312012,0.02359691836285105,0.6,0.0,0.2982141226502472,0.008990837819635502,0.2594909792973897,0.028918428845376157,0.010261293815307148,1.7419354838709677,1.28,12.438320794186449,29.5,45.2,23.8,Unknown,
CYH,"Community Health Systems, Inc.",,,10.078565559317118,-0.00020018016415157547,0.8541266794625719,0.004962072707629865,0.1278334000800961,0.3910555639850354,-0.015438537928732371,0.025953434031544688,0.0,0.0,1.2087322741027644,8.563948483798143,0.7198312578388999,0.0,5.514042586666666,MatureTech,
FBHS,FBHS (Synthetic Demo),Technology,Consumer Electronics,11.583521823312012,0.02359691836285105,0.6,0.0,0.2982141226502472,0.008990837819635502,0.2594909792973897,0.028918428845376157,0.010261293815307148,1.7419354838709677,1.28,12.438320794186449,29.5,45.2,23.8,Unknown,
FGEN,FGEN (Synthetic Demo),Technology,Consumer Electronics,11.583521823312012,0.02359691836285105,0.6,0.0,0.2982141226502472,0.008990837819635502,0.2594909792973897,0.028918428845376157,0.010261293815307148,1.7419354838709677,1.28,12.438320794186449,29.5,45.2,23.8,Unknown,
EGRX,"Eagle Pharmaceuticals, Inc.",,,8.500524627760175,0.8456274118895224,0.700148447616942,0.03711146979392242,0.20680963961972143,1.1789072116927444,0.15957487129275766,0.0005622058684185592,0.012775970436815009,0.27401952389107725,0.708030709478803,6.50485849607183,0.08972148027607878,0.013691783695838329,0.1532457613997058,SaaS,
ELV,"Elevance Health, Inc.",,,11.30344014441965,0.07803661851439125,0.0,0.0,0.040738229755178906,0.10359726905187852,0.031270977012923085,0.005842486562280907,0.0,0.7302766510186409,0.8886419404574799,10.96357126732184,16.240575031933947,2.095486437054145,11.856402550301304,REIT,
ETSY,"Etsy, Inc.",,,9.456252433562415,0.02428756523678932,0.7229562137230297,0.015093107896912619,0.09196251362493026,0.20822597388546082,0.21457115357443135,0.015345971603762103,0.0,0.0,1.5925512847891978,9.959050928085249,55.83561258335276,0.0,29.37200474651176,Unknown,
FOLD,FOLD (Synthetic Demo),Technology,Consumer Electronics,11.583521823312012,0.02359691836285105,0.6,0.0,0.2982141226502472,0.008990837819635502,0.2594909792973897,0.028918428845376157,0.010261293815307148,1.7419354838709677,1.28,12.438320794186449,29.5,45.2,23.8,Unknown,
FLT,FLT (Synthetic Demo),Technology,Consumer Electronics,11.583521823312012,0.02359691836285105,0.6,0.0,0.2982141226502472,0.008990837819635502,0.2594909792973897,0.028918428845376157,0.010261293815307148,1.7419354838709677,1.28,12.438320794186449,29.5,45.2,23.8,Unknown,
EXEL,"Exelixis, Inc.",,,9.386663021182075,0.12591488522700756,0.9648325889191763,0.0020115728621635048,0.38476401712665603,0.46968077750902987,0.47546101678216035,0.010360767184472397,0.0,0.08006129590310361,0.28261179624054394,10.276817800152518,24.17099925885224,8.751831122569135,20.185438326411763,SaaS,
FLNC,"Fluence Energy, Inc.",,,9.420263443613816,0.010060405144115103,0.09340262262791695,0.2871589099268813,-0.020477455222000767,1.20982689267762,-0.05010783231960314,0.01181140058908819,0.0,0.9097033252249211,2.757646298533649,8.941603077391026,0.0,2.0349036902431363,0.0,Unknown,
GTHX,GTHX (Synthetic Demo),Technology,Consumer Electronics,11.583521823312012,0.02359691836285105,0.6,0.0,0.2982141226502472,0.008990837819635502,0.2594909792973897,0.028918428845376157,0.010261293815307148,1.7419354838709677,1.28,12.438320794186449,29.5,45.2,23.8,Unknown,
HOLX,HOLX (Synthetic Demo),Technology,Consumer Electronics,11.583521823312012,0.02359691836285105,0.6,0.0,0.2982141226502472,0.008990837819635502,0.2594909792973897,0.028918428845376157,0.010261293815307148,1.7419354838709677,1.28,12.438320794186449,29.5,45.2,23.8,Unknown,
FRPT,"Freshpet, Inc.",,,9.07089009513045,0.19874221522874236,0.4136691502988173,0.09903082414441805,0.077034341637818,1.1360382121050545,0.05185219161001199,0.12365158480193798,0.0,0.4095315552194622,2.1782149591913984,9.461605004416903,20.804743669908078,2.3949762670860846,17.820556312781335,Unknown,
CION,CION (Synthetic Demo),Technology,Consumer Electronics,11.583521823312012,0.02359691836285105,0.6,0.0,0.2982141226502472,0.008990837819635502,0.2594909792973897,0.028918428845376157,0.010261293815307148,1.7419354838709677,1.28,12.438320794186449,29.5,45.2,23.8,Unknown,"filled=synthetic (TypeError: float() argument must be a string or a real number, not 'complex')"
GLPI,"Gaming and Leisure Properties, Inc.",,,9.218836046414706,0.052219212748011,0.9662518993804168,0.001609345869370309,0.7690637791957621,0.01135601260798425,0.379258614804141,0.34779611453981374,0.0,1.6227188783110686,0.6011453776758788,9.99229695164638,11.906512566672847,2.1234835010500483,11.333773786048855,REIT,
PKI,PKI (Synthetic Demo),Technology,Consumer Electronics,11.583521823312012,0.02359691836285105,0.6,0.0,0.2982141226502472,0.008990837819635502,0.2594909792973897,0.028918428845376157,0.010261293815307148,1.7419354838709677,1.28,12.438320794186449,29.5,45.2,23.8,Unknown,
MEDP,"Medpace Holdings, Inc.",,,9.444402082642762,0.158317697309996,0.2876114909743348,0.04646792831456056,0.21141720489093105,0.07764042915924625,0.2539945541223626,0.01652381061917386,0.0,0.2475499432549649,0.6350764273463646,10.270411838846668,41.31586685267654,40.60055591004442,32.42134803311909,Conglomerate,
GSK,GSK plc,,,10.521177325408376,0.03784558113284442,0.7272535614251724,0.007023558685163594,0.24758931031316006,0.24993640355707913,0.16055778092341053,0.0903532813300003,0.0,1.0820052512670209,-0.05786027934529168,11.284546003684216,33.68633657530266,11.757409773733285,19.911661205963277,Unknown,
TRVP,TRVP (Synthetic Demo),Technology,Consumer Electronics,11.583521823312012,0.02359691836285105,0.6,0.0,0.2982141226502472,0.008990837819635502,0.2594909792973897,0.028918428845376157,0.010261293815307148,1.7419354838709677,1.28,12.438320794186449,29.5,45.2,23.8,Unknown,
MOH,"Molina Healthcare, Inc.",,,10.648574665308994,0.1546581750853293,0.08038722429360766,0.14190391575269798,0.01719279707656408,0.36416929576307766,0.006086878397196891,0.0021337765599029695,0.0,0.9707544851314819,0.9753393740261986,10.04112886985173,23.290932203389833,2.701725239616613,10.958319672131147,MatureTech,
OGN,Organon & Co.,,,9.787247880331954,-0.0037592614568487948,0.5268483760404766,0.048342820514187285,0.14945302445302444,0.1335421437322732,0.07083401338338502,0.04945323975844622,0.0,11.49468085106383,3.262575794309373,9.542820001355258,18.662868449197862,4.640899468085107,8.961206511627907,Unknown,
RGEN,Repligen Corporation,,,8.894925530530102,0.08048964832536698,0.5383600326582185,0.08792591185322494,0.11364079668841158,0.8233372964304584,0.14030424111037942,0.031474931250883645,0.0,0.32759057018824583,0.8701283808299264,10.004099170014198,200.0,4.793074748317886,56.50344329396412,Conglomerate,
SNY,Sanofi,,,10.689477570626702,0.05947868041160698,0.7276518326212719,0.01464952679905438,0.14558181351143076,0.06164896326188378,0.14317545330035364,0.0,0.0,0.2848156242994844,-0.23855144500562525,10.70184904081168,6.442155691980034,0.7051748826137637,5.048847056770574,Unknown,
RMD,ResMed Inc.,,,9.752313017817702,0.09846935607617224,0.6105557268376103,0.030568086295635177,0.3375748194507312,0.05613933877019168,0.2880821474630592,0.03133895574785135,0.0,0.12541681263365756,0.19027355977170277,10.507733326077831,21.132451440799635,4.888229958729873,14.655497763930516,Unknown,
UHS,"Universal Health Services, Inc.",,,10.258026039379448,0.10265869390721849,0.9068622257975067,0.005385204140769033,0.12233912582726846,0.16811533504527376,0.044756497934498506,0.054628154802286145,0.0,0.7100949284971313,0.5201048431528524,10.093803944486025,8.336212008898466,1.7057825586547828,6.3575387098220615,SaaS,
VTRS,Viatris Inc.,,,10.168417924329727,-0.0372197605384883,0.34830667761394557,0.07119898886611577,-0.2233372261344485,1.991144443174685,0.12296689352866536,0.035189620893922226,0.0,0.9990959330582614,0.857517484050144,10.329657379031257,0.0,1.4521327731471727,0.0,Unknown,
WAT,Waters Corporation,,,9.666915496257538,0.03472205574698273,0.5089259856652819,0.001987467724276532,0.26045861258666675,0.040387899468857937,0.08587179541837657,0.032458423310205806,0.0,0.5821722429977332,1.3207027825821536,10.400220343378459,39.10749723401838,9.81227538826866,25.260308015326057,Unknown,
WST,"West Pharmaceutical Services, Inc.",,,9.52202669281135,0.020851825714393923,0.3678610075748467,0.04292250106663125,0.1956344946488403,0.09015175989584026,0.1313274017073464,0.06772273656366479,0.0,0.10110201511335012,0.9533107844567277,10.432087274825895,54.78026736884748,8.5154338790932,34.387704451345755,MatureTech,
XRAY,DENTSPLY SIRONA Inc.,,,9.561459171241916,-0.036609601839108885,0.49519626681306617,0.020930391143008435,-0.10815217391304349,0.6997087663055744,0.039253362613230855,0.04831183090859182,0.0,1.8431665421956684,0.6353151128847753,9.271063127299698,0.0,1.3940634802091114,0.0,Unknown,
ZBH,"Zimmer Biomet Holdings, Inc.",,,9.929868315651474,0.055100659789519835,0.6987354268522,0.013013200898927461,0.13650003037113528,0.09529643589485444,0.16474708537044003,0.04013491914253479,0.0,0.5921623601124613,-0.05563665282776741,10.266057802930327,26.170202808112325,1.4532245997306599,11.445751781365564,Conglomerate,
LW,"Lamb Weston Holdings, Inc.",,,9.820352549283701,0.011124650850929507,0.20563192837590552,0.1274736896622887,0.08939400813635195,0.275116881856744,0.08169623277830709,0.060901652980052325,0.0,2.1606115403583757,0.9738291043030852,9.80284373877943,21.90008199586207,3.4802037255740044,10.352018403320509,Conglomerate,
NWL,Newell Brands Inc.,,,9.860098329698518,-0.05884432364701753,0.3545404361026773,0.06979985000375334,0.0027762354247640206,2.0543491928651503,0.016284846812034227,0.02939552856748551,0.0,2.182768716018402,0.5399752252739581,9.348974289908854,0.0,0.934102885821832,21.901631419939577,Unknown,
CEP,CEP (Synthetic Demo),Technology,Consumer Electronics,11.583521823312012,0.02359691836285105,0.6,0.0,0.2982141226502472,0.008990837819635502,0.2594909792973897,0.028918428845376157,0.010261293815307148,1.7419354838709677,1.28,12.438320794186449,29.5,45.2,23.8,Unknown,
KDP,Keurig Dr Pepper Inc.,,,10.30297993674825,0.05866148604160126,0.49392732702837233,0.010537333666371296,0.20725170149972896,0.09964226511088642,0.09780985564957691,0.027974116475858637,0.0,0.6325834770340178,0.20215036429798916,10.631169048501281,20.573802154117363,1.676318179903198,13.802559532286601,Unknown,
CCEP,Coca-Cola Europacific Partners PLC,,,10.320167065254232,0.06864696607678855,0.35596382948184296,0.01717323969220247,0.13602219989474187,0.10160480132717946,0.09583273527582413,0.04545237069996651,0.013109420601885077,1.3649010848755585,0.1873243021143503,10.664596646196815,23.787424377023687,5.896002315275047,14.862235300100902,Conglomerate,
CAG,"Conagra Brands, Inc.",,,10.052370697332968,-0.03244512078189277,0.23918593107360658,0.059200611345580835,-0.12713622181250886,3.0,0.08675187916607574,0.03753013756913913,0.0,1.1432616081540203,-0.2729706278974972,9.804345579936228,0.0,1.0024261326412482,0.0,Unknown,
CELH,"Celsius Holdings, Inc.",,,9.483911506187885,0.38144057408095544,0.48760433095284506,0.021422334601552143,0.06918146727049869,0.42904326680620936,0.1518649127055854,0.015047875576662945,0.0,0.22775427834375112,1.1105543356473357,9.787436066907768,56.75659496847193,2.0838947359832356,31.45917645150668,Conglomerate,
FDP,FDP (Synthetic Demo),Technology,Consumer Electronics,11.583521823312012,0.02359691836285105,0.6,0.0,0.2982141226502472,0.008990837819635502,0.2594909792973897,0.028918428845376157,0.010261293815307148,1.7419354838709677,1.28,12.438320794186449,29.5,45.2,23.8,Unknown,
CCK,"Crown Holdings, Inc.",,,10.12241249541128,0.01467172084493984,0.2095654797827399,0.029428337764896263,0.12600080873433078,0.10354500866791905,0.09044960772480386,0.03975558237779119,0.0,2.057352450816939,-0.08208905757976294,10.10449391510697,17.236042380894308,4.241480252450817,9.0000989459285,Conglomerate,
DAR,Darling Ingredients Inc.,,,9.816152708143052,-0.049253256421140645,0.26333371203653144,0.035561653409530346,0.04617188382361641,0.4335335403379107,0.13456821116490325,0.07179556013257055,0.0,0.8785402554533956,0.38707503949910954,10.002964186582131,160.31600490796762,2.12553843047505,17.859587820092976,Unknown,
LANC,LANC (Synthetic Demo),Technology,Consumer Electronics,11.583521823312012,0.02359691836285105,0.6,0.0,0.2982141226502472,0.008990837819635502,0.2594909792973897,0.028918428845376157,0.010261293815307148,1.7419354838709677,1.28,12.438320794186449,29.5,45.2,23.8,Unknown,
DLTR,"Dollar Tree, Inc.",,,10.302519240892458,0.07553040266988087,0.3873793519261337,0.007429017853807949,0.0883483242151681,0.09833045903193444,0.09851659549447647,0.056799892369710045,0.0,1.879038056938933,0.46504092869990415,10.394668246699288,19.34687710365692,6.607997519358705,13.181909307875248,ConsumerCyclical,
DG,Dollar General Corporation,,,10.63986481805066,0.05082266996327656,0.3116120496636899,0.014696752588294846,0.051379553434715446,0.1646133267978805,0.04607580760235609,0.029921033499291146,0.0,1.8466548605362665,0.027357093753030862,10.415980222484496,17.232135916488076,3.0616147839945715,12.537649873807526,ConsumerCyclical,
INGR,Ingredion Incorporated,,,9.858236335429513,-0.05942497771362243,0.2372834372834373,0.06875217115829729,0.14004709793600223,0.07394224344514225,0.0492030492030492,0.062370062370062374,0.0,0.45435684647302904,0.4212258257594873,9.79675500168503,8.59067864218107,1.4436617635200553,5.84233960271695,Commodity,
JJSF,J&J Snack Foods Corp.,,,9.18321202883155,0.007797271917834081,0.3125353735612019,0.01621861519481596,0.05553320326193302,0.13330715834357018,0.06033590045101086,0.0491029297670444,0.0,0.1691981441923254,0.5820915612647848,9.177215132996368,22.92685036969281,1.5556993157097119,9.68383264911258,Unknown,
LEVI,Levi Strauss & Co.,,,9.820444491258137,0.036965894344878514,0.6171734430046721,0.029680522703113343,0.10865966252785736,0.4213599381481831,0.08456688389252612,0.032447797753148766,0.0,1.0118054946019486,1.479424061440022,9.893398351666324,13.53304052397509,3.4334462946151145,10.542300289020137,Unknown,
OLLI,"Ollie's Bargain Outlet Holdings, Inc.",,,9.446087728718272,0.12246414252838012,0.4162760623649354,0.009629938820652637,0.12190330809550666,0.023692811599079513,0.07992673394655703,0.04206998082422878,0.0,0.3632946978829242,0.6158464816522722,9.737201745294419,22.694119769239723,2.891893355987789,15.564893199570577,Conglomerate,
SJM,The J. M. Smucker Company,,,9.961748471401446,0.05197094304120187,0.3865281918553222,0.06340223356538376,0.035223016495597115,2.46788750876589,0.17346481887975188,0.035110135526215204,0.0,1.278725783758433,0.3055323487303896,10.087585303892123,0.0,2.2068750754753057,21.99688746679607,Unknown,
TAP,Molson Coors Beverage Company,,,10.044676925614446,-0.024277575197344747,0.37012676501105246,0.01787542328653459,-0.20376454114605777,3.0,0.11963729868723778,0.058754003699192495,0.0,0.620929982502957,0.2918599493361736,9.901611850322146,0.0,0.7793337438784785,0.0,Unknown,
UL,Unilever PLC,,,10.703317177024557,-0.011452969152128567,0.46945725996475457,0.03390472564550891,0.193869671108647,0.033701379727224715,0.133833633645526,0.031503079025008415,0.02174128269607746,1.7770122343850612,0.30664073668744535,11.12776988612444,14.173129965952056,8.64168497408886,14.165592933201724,Unknown,
TSCO,Tractor Supply Company,,,10.197300521425825,0.03272645141252806,0.364612128305975,0.005815466427710479,0.09452361839175173,0.029533376308606554,0.019489961223369795,0.06214565120943012,0.0,2.3022938504075285,0.1341636865689351,10.233973263680197,15.636092709794022,6.6395089398995,11.668860992148465,Unknown,
BJ,"BJ's Wholesale Club Holdings, Inc.",,,10.35815631880201,0.03660308480175223,0.1824441304720443,0.009066232845989385,0.03801442811421433,0.027064118017060847,0.015703218051493908,0.03311126824343547,0.0,1.240429020152808,-0.171830988863213,10.10433101312173,21.984672419546417,5.785897120526887,13.941413300974391,Conglomerate,
AZO,"AutoZone, Inc.",,,10.300734661879853,0.04156858255819307,0.5175387228237756,0.008861320813316056,0.1912023924323913,0.02955988509400142,0.08171665097933575,0.07200494896430594,0.0,0.0,0.24412383213693056,10.72754423185424,21.37513455635092,0.0,15.449293070657983,ConsumerCyclical,
KR,The Kroger Co.,,,11.174135431793646,-0.008020084013777629,0.2311117956685373,0.019144149336747296,0.012455805258666233,0.27902192064623604,0.015965069713244847,0.02895677912754644,0.0,4.1660199088915135,-0.28759909053956734,10.62598580552905,41.59988188976378,7.131007254935043,11.047661052266019,Conglomerate,
BBWI,"Bath & Body Works, Inc.",,,9.85793526471943,-0.009331463804966078,0.44119278779472954,0.006767622170863131,0.15882594980112466,0.06668718869478545,0.14299583911234395,0.03356449375866852,0.0,0.0,1.4327764029866321,9.56558102328255,5.666779661016949,0.0,5.438201133144476,Unknown,
HBI,HBI (Synthetic Demo),Technology,Consumer Electronics,11.583521823312012,0.02359691836285105,0.6,0.0,0.2982141226502472,0.008990837819635502,0.2594909792973897,0.028918428845376157,0.010261293815307148,1.7419354838709677,1.28,12.438320794186449,29.5,45.2,23.8,Unknown,
BURL,"Burlington Stores, Inc.",,,10.086948327966399,0.09045762878134567,0.44575016025400965,0.012517415721386616,0.0766980118285696,0.12804426154044943,0.031885943511188064,0.08397940399342105,0.0,3.3227871600030765,0.9141394665707517,10.252914356246848,29.34104688073319,9.905900469949241,17.375186606759996,ConsumerCyclical,
CZR,"Caesars Entertainment, Inc.",,,10.066251361968963,-0.0018233138675417537,0.49690934065934067,0.025362400198334516,0.1633292704161588,0.09139728037532502,0.052026098901098904,0.05932348901098901,0.0,7.1061643835616435,0.7888760616886077,9.8037996024582,0.0,1.8165004298230594,9.225028091740054,Unknown,
HIBB,HIBB (Synthetic Demo),Technology,Consumer Electronics,11.583521823312012,0.02359691836285105,0.6,0.0,0.2982141226502472,0.008990837819635502,0.2594909792973897,0.028918428845376157,0.010261293815307148,1.7419354838709677,1.28,12.438320794186449,29.5,45.2,23.8,Unknown,
DKS,"DICK'S Sporting Goods, Inc.",,,10.32521068814811,0.15144739319960898,0.3205198015658062,0.03583003787579756,0.07006840498352611,0.2049844258083815,0.011322031070393177,0.0640605650109959,0.0,1.398280723161231,1.3707662976478256,10.048495082338537,13.166342613469237,2.018254412308759,10.36942663002267,Unknown,
FND,"Floor & Decor Holdings, Inc.",,,9.673181870537181,0.030153790977756945,0.4485857259707972,0.015218637149196178,0.05933449585063304,0.11011139328895637,0.04486595839419188,0.062314479600555715,0.0,0.826738308461016,1.6468561896298148,9.683838639691452,23.14336448110924,2.0046169888236474,12.65869095199658,Conglomerate,
GPI,"Group 1 Automotive, Inc.",,,10.345467833840056,0.12375598166867396,0.15945077364724575,0.022080301048511827,0.03253231966116413,0.2001299460573297,0.007506274035423475,0.01231787242493726,0.0,2.1048045894585874,0.9252087661869205,9.552764763334679,10.980300518081181,1.2803132766152743,10.999057433341127,ConsumerCyclical,
IAC,IAC (Synthetic Demo),Technology,Consumer Electronics,11.583521823312012,0.02359691836285105,0.6,0.0,0.2982141226502472,0.008990837819635502,0.2594909792973897,0.028918428845376157,0.010261293815307148,1.7419354838709677,1.28,12.438320794186449,29.5,45.2,23.8,Unknown,
JHG,JHG (Synthetic Demo),Technology,Consumer Electronics,11.583521823312012,0.02359691836285105,0.6,0.0,0.2982141226502472,0.008990837819635502,0.2594909792973897,0.028918428845376157,0.010261293815307148,1.7419354838709677,1.28,12.438320794186449,29.5,45.2,23.8,Unknown,
GRMN,Garmin Ltd.,,,9.884876722842847,0.17721691499857672,0.6008076452951383,0.010100096272316195,0.25892913951367735,0.09298639998338444,0.20854515262264423,0.04941746898266909,0.0,0.018371002981979287,0.7022002267711759,10.731401169729477,32.380037033764914,6.004607231556109,25.068788392292852,Unknown,
HOG,"Harley-Davidson, Inc.",,,9.627348955653146,-0.12454763942706604,0.26891518184080276,0.08968683535488126,0.11002811202333912,0.17657590826633232,-0.03138518362153244,0.031325039771594884,0.0,0.9723078020344716,1.5954702370657166,9.553995542329073,10.57137851554889,1.1401802468774158,5.331278219415963,Unknown,
JEF,Jefferies Financial Group Inc.,,,10.073570261834504,0.2060355678263288,0.5663836447193811,0.017683564025387816,0.40198123059289365,0.02430793546601866,0.15018048347284643,0.019169742258120067,0.0,2.246647563201817,1.9740902865928904,10.016831968198494,14.631308500960625,0.9830239003768998,4.416801123351874,Bank,
KMX,"CarMax, Inc.",,,10.420749451414405,-0.012417083174154797,0.10503159828282174,0.031225130914440853,0.04880107441981573,0.0740497996978882,0.03773724330653103,0.019264684232177726,0.0,3.149093474182422,1.0317965670777336,9.938604799153106,35.107365814873226,1.4742592606034177,16.84500794745023,Unknown,
LLYVA,"Liberty Live Holdings, Inc.",,,8.772783632470864,0.0,0.19529385957511433,0.16209013519991505,-0.18509180496974742,0.2919598503294057,-0.012368594232489075,0.0,0.0,0.0,1.0176423171553541,9.943342438588035,0.0,0.0,0.0,Conglomerate,
LAD,"Lithia Motors, Inc.",,,10.579054971045474,0.10107889244509272,0.15174384428634316,0.04616394857226102,0.050158230791100815,0.08893093877126156,-0.013293336461383951,0.009370971865996421,0.0,2.344923673370487,1.710964260211496,9.924388931576399,10.251489751098097,1.2724316997819238,10.225102492834187,Unknown,
ODP,ODP (Synthetic Demo),Technology,Consumer Electronics,11.583521823312012,0.02359691836285105,0.6,0.0,0.2982141226502472,0.008990837819635502,0.2594909792973897,0.028918428845376157,0.010261293815307148,1.7419354838709677,1.28,12.438320794186449,29.5,45.2,23.8,Unknown,
MGM,MGM Resorts International,,,10.24947822198427,0.04161767793106819,0.44157017206148014,0.023937917333232767,0.03990384590712468,0.3950955567665571,0.08414558907998573,0.05452761099014371,0.0,12.912293300553063,1.0482178252891061,10.062754454434767,56.1278319044797,4.755136793363723,23.7931053999412,ConsumerCyclical,
LYV,"Live Nation Entertainment, Inc.",,,10.419501979272404,0.05304724291936025,0.2577672082271467,0.0270976773166361,0.05343193947194851,0.0794347367772108,0.052331075018074956,0.046962807357569414,0.0,20.0,1.2079782164436599,10.591402575454524,78.69468771162485,100.0,21.325609566940596,Unknown,
MOV,"Movado Group, Inc.",,,8.838764741299327,0.005195050717990757,0.5611321618981078,0.006179314568203177,0.05193129850590635,0.29318981757186025,0.1033215146129828,0.006085239742210806,0.0,0.15459808742202885,1.4745453618129427,8.872232425478947,28.06307042106056,1.464365452969684,13.398429148109669,Unknown,
SPLP,SPLP (Synthetic Demo),Technology,Consumer Electronics,11.583521823312012,0.02359691836285105,0.6,0.0,0.2982141226502472,0.008990837819635502,0.2594909792973897,0.028918428845376157,0.010261293815307148,1.7419354838709677,1.28,12.438320794186449,29.5,45.2,23.8,Unknown,
ONON,On Holding AG,,,9.507909817970281,0.29685226258486597,0.648211402310272,0.022340624050358943,0.07534837425348374,0.4278834025008904,0.13324431747608992,0.029903117625139735,0.0,0.3194682675814751,2.0636565423980042,9.989656513401261,47.93640759180167,5.981772988513845,26.141456210014105,Conglomerate,
SIG,Signet Jewelers Limited,,,9.833695214144873,-0.025245098348172235,0.3905200481037163,0.00398985386488413,0.07562815545379828,0.07440374312370925,0.07868184084709472,0.02314258058839058,0.0,0.619113009866748,1.0171438704287568,9.654757972288232,15.339816576086957,2.2968375546739908,7.3303289076644536,Unknown,
RYAAY,Ryanair Holdings plc,,,10.192868400414724,0.07528741577553966,0.20229237755599455,0.0753776282998974,0.1583281331420521,0.0906228407086086,0.10876927418734125,0.11188008312594606,0.0,0.14765280060189676,0.7313505989327528,10.797156928955692,28.837481145696277,6.205479712356703,16.023505741661232,Conglomerate,
POOL,Pool Corporation,,,9.731934451674965,-0.023020052681580916,0.29578673160444413,0.004225345011427001,0.10969191945545388,0.08819050008296028,0.055824378806338254,0.01214487461931983,0.0,1.2951345267454644,0.8881992728938626,9.799794295867285,15.518020528784165,5.320984902478761,12.245241227934391,Unknown,
ROL,"Rollins, Inc.",,,9.593731101555816,0.10625088204473965,0.5236610729968433,0.0049468391258605336,0.19395753845335745,0.0070392333860037765,0.15778950101923564,0.0070838087175418875,0.0,0.7552857010843901,0.6801047545764817,10.171791712521967,28.198387312670278,10.806959647360404,18.484798659748922,Unknown,
STRT,Strattec Security Corporation,,,8.762972494354383,0.03798141324920068,0.1645966806583453,0.1222134569270432,0.057510286645310944,0.16021326337851197,0.0672705180603115,0.012647741080304871,0.0,0.5111420262648442,1.72235039671774,8.412513007034878,12.551278124089718,1.083325204696496,5.624720629674006,Unknown,
OLN,Olin Corporation,,,9.826282177412612,-0.003827021568923672,0.06872836854039861,0.33329190302298567,0.004011326097215667,0.7895917280020809,0.015007757488960497,0.03082110036997255,0.0,1.7072706509326228,0.3988895573360635,9.322956968507953,0.0,1.1439284354777313,9.248305393586007,Unknown,
TTC,The Toro Company,,,9.676967814294759,-0.004711088391887719,0.33410477593099097,0.015723997843720982,0.09682068109258604,0.11718488056762114,0.14969492951819904,0.01636860929938986,0.0,0.7163696415055392,0.6747877248013021,10.01096029302187,32.44410491996204,7.056754672263126,18.902142106970327,Unknown,
TPR,"Tapestry, Inc.",,,9.903317931764674,0.09536027241910316,0.7782164363709053,0.02449432820516496,0.23934934159566232,0.5389017713964426,0.22644361710102195,0.020739111966217735,0.0,5.711602369599769,1.4670808178083803,10.429113898644756,17.582305426458074,38.81012570437798,13.989117674636661,Unknown,
VAC,Marriott Vacations Worldwide Corporation,,,9.712902125047222,0.031757216232240815,0.3712957582800697,0.012949012499860498,-0.025834658187599363,1.0155770030373357,0.01917489831493318,0.008715862870424172,0.0,2.8499749121926743,1.69514588267783,9.591679838528412,0.0,1.9596230528850977,100.0,Unknown,
URI,"United Rentals, Inc.",,,10.226135722473645,0.05985401761504794,0.3835551330798479,0.026129097784569545,0.2518168830362134,0.027753365254262162,0.03754752851711027,0.3035884030418251,0.0,1.7473238180196253,1.9087538749633217,10.87493194448279,30.063220024153967,8.360578806895628,12.592665559932978,Unknown,
VFC,V.F. Corporation,,,9.97835949523349,-0.015780066062413,0.5496952885876695,0.024851785310916544,0.05288683523426408,1.0313116568434404,0.06102216541656857,0.018255146143755677,0.0,2.6938825154956163,1.577246903105592,9.745822217109716,21.848333042640828,3.010780742962509,12.338320823659066,Unknown,
VRA,"Vera Bradley, Inc.",,,8.438529691567588,-0.16170329130639405,0.5042697054923276,0.05564899876427033,-0.11834556519352793,1.1125884580599499,0.10686285939116623,0.006247905221281495,0.0,0.5358138545567803,1.4024781603156773,8.196491935841022,0.0,1.1942833050995527,0.0,Unknown,
WHR,Whirlpool Corporation,,,10.17379793037046,-0.10672290230206138,0.1357817840627304,0.02550779389140424,0.05520484411234217,0.5234281794506213,-0.022049460491924133,0.037128878761477115,0.0,2.6371973587674247,1.5776534630876604,9.213979696190592,5.146981132075471,0.6004181951577403,6.825723849372385,Unknown,
YETI,"YETI Holdings, Inc.",,,9.286850614061285,0.06135392324903588,0.5920828864794944,0.008863690066933157,0.11812935979457254,0.06349943772367514,0.09966803667404363,0.05719005907769368,0.0,0.35133081952893847,1.4487735991610864,9.548074175494378,21.358601159704207,5.432208739058492,12.993187891880883,Conglomerate,
ARKO,Arko Corp.,,,9.899462417426504,-0.09886991888620444,0.07548160599869716,0.06471597901623875,0.015939486131366233,0.047330268540640326,0.00462144114746461,0.014900693972462947,0.0,7.0181489438757865,1.9549191860797517,8.699585033409551,22.014974498768904,1.3634406476436327,10.82019392548891,Unknown,
GME,GameStop Corp.,,,9.550326211208258,-0.17028931855790552,0.37892869212571817,0.1190132298425158,0.07876250034436211,1.7210600029749983,0.19375915286695955,0.004703165483834629,0.0,0.8011718463007861,1.5013517102854326,9.876426852259689,17.981883365200765,1.3819006685768864,18.571780366056572,Unknown,
BBBY,"Bed Bath & Beyond, Inc.",,,9.056726144299905,-0.18198754789160965,0.2529988214449629,0.07003993121004103,-0.07909317873744993,0.32112175507540014,-0.08117550114915698,0.018299633796711103,0.0,0.10143715271873262,0.0,8.29122861464015,0.0,0.8986770565715152,0.0,Unknown,
AMC,"AMC Entertainment Holdings, Inc.",,,9.718551509468277,0.003764265358864094,0.670783466523917,0.002181283394771169,-0.020148899750458867,3.0,-0.004282491492371812,0.046094138339769816,0.0,0.0,3.196398566333994,8.559863045214918,0.0,0.0,37.41522288428373,Conglomerate,
CVNA,Carvana Co.,,,10.398946404901306,0.37358395953131285,0.1937105914278873,0.11864141877394181,-0.018944985729751007,1.0097860661255018,0.03707398834703488,0.007622316226354856,0.0,1.6044754431851207,3.1421544720555366,10.529043853493759,24.02977786069652,9.825602281313571,0.0,ConsumerCyclical,
GOLD,"Gold.com, Inc.",,,10.40676849118425,0.6218843857479854,0.01776101343415143,0.036164366821829164,0.006687934176103239,0.34522962100092686,0.04736160502894772,0.0005655065538282242,0.0,0.10671875374694677,0.19114807416487103,8.994271303461934,11.985472683474818,1.1269626078749544,2.4460269847213025,Commodity,
NEM,Newmont Corporation,,,10.411063857460924,0.3853339008816372,0.5906779989909574,0.29130655951648377,0.5104327495698973,1.3130589440754936,0.37773120658206233,0.11235300966352312,0.0,0.16502790326866862,0.2768405123714995,10.962080720489762,12.934238532110092,2.705851714057933,6.35687482259438,Commodity,
AG,First Majestic Silver Corp.,,,9.217382860280622,0.48154851093945705,0.501390020465369,0.6831102195347267,0.323932918997405,3.0,0.37225875597714864,0.12835956974229154,0.0,0.11182160119231946,0.09134217664704117,9.685765763257129,29.40928981197286,1.7567039189208278,6.471120659300589,Commodity,
AEM,Agnico Eagle Mines Limited,,,10.162143319123073,0.34048263512985955,0.6290647284104561,0.22487342278306457,0.5657908383301068,0.2265323332043988,0.31313406961313056,0.1974960740839007,0.0,0.012992642931601316,0.11611430833659796,10.923493278876489,18.79386824680077,3.388834281914687,9.699024440032687,REIT,
BHP,BHP Group Limited,,,10.76908178711822,0.027488796984035835,0.7557692307692307,0.022385858873691933,0.41732471068754257,0.10034993313181347,0.20301225323349217,0.1676140231449966,0.03587474472430224,0.5487859166329422,0.7942726076574994,11.639380556175952,44.32967190752974,8.820187451775393,14.470255634760276,Commodity,
AKS,AKS (Synthetic Demo),Technology,Consumer Electronics,11.583521823312012,0.02359691836285105,0.6,0.0,0.2982141226502472,0.008990837819635502,0.2594909792973897,0.028918428845376157,0.010261293815307148,1.7419354838709677,1.28,12.438320794186449,29.5,45.2,23.8,Unknown,
RIO,Rio Tinto Group,,,10.760708902675724,0.032744196003401616,0.5742912661785627,0.025604348389469435,0.28448245948853185,0.053587766620669296,0.0780214441861272,0.2140081196432909,0.03173253756202505,0.37806858190119447,0.4150681349073094,11.1838438482561,15.322264865542845,2.4548927165892316,7.369839455471403,Commodity,
VALE,Vale S.A.,,,10.615276530952404,-0.04131138535462908,0.34819090115433116,0.08450828944425628,0.17430929875270162,0.23035472183186953,0.08621107769909787,0.1457949364632845,0.0,0.6506013309857054,0.26545126341299297,10.790194796828573,26.22753525170068,1.8409132744038914,7.76774802653332,Commodity,
ANDV,ANDV (Synthetic Demo),Technology,Consumer Electronics,11.583521823312012,0.02359691836285105,0.6,0.0,0.2982141226502472,0.008990837819635502,0.2594909792973897,0.028918428845376157,0.010261293815307148,1.7419354838709677,1.28,12.438320794186449,29.5,45.2,23.8,Unknown,
CMC,Commercial Metals Company,,,9.946947589084763,-0.05859788606193905,0.18564640261204182,0.11636958604543611,0.019624721740646896,0.5820648867136368,0.045766550569892636,0.05798699402763001,0.0,0.32298442237732483,1.649408160908181,9.873343801343008,88.23792315017363,1.7816077900371707,17.728611249749385,Commodity,
GGB,Gerdau S.A.,,,10.842258036698329,0.006811779295748943,0.13104627578335987,0.1485594760160044,0.05556364969135051,0.3827273320899415,0.050737191452993345,0.08035217951108438,0.0,0.29058874309273053,1.4027311074831654,10.02124682894944,7.571189312540555,0.1959748806970586,2.6626640741238146,Unknown,
RS,"Reliance, Inc.",,,10.19881648225676,-0.017428777515229754,0.2820926495337155,0.027181096298361067,0.07934631286596755,0.20089318946976817,0.034133039770210934,0.019739589264700298,0.0,0.24260470565264083,1.3250154524938984,10.371677737167623,31.82718957262645,3.2821054057823464,17.73996316199377,Commodity,
MLM,"Martin Marietta Materials, Inc.",,,9.82529626443096,0.025232839730702228,0.28154904306220097,0.024940247058535082,0.2367479674796748,0.3227745404769639,0.12111244019138756,0.10601076555023924,0.0,0.5686802232854864,0.7687939619891693,10.476381847295055,26.340340369393136,2.9853436004784686,17.002850931677017,Unknown,
HFC,HFC (Synthetic Demo),Technology,Consumer Electronics,11.583521823312012,0.02359691836285105,0.6,0.0,0.2982141226502472,0.008990837819635502,0.2594909792973897,0.028918428845376157,0.010261293815307148,1.7419354838709677,1.28,12.438320794186449,29.5,45.2,23.8,Unknown,
PBF,PBF Energy Inc.,,,10.536219965004566,-0.12515097830860322,0.038765666274888574,2.0,-0.000978443558807185,2.19161902759231,0.021609858843517623,0.026607938742974176,0.0,0.5477394491963531,0.004884800540651489,10.020040549635361,0.0,1.9686555539919164,20.277658444188614,Commodity,
EURN,EURN (Synthetic Demo),Technology,Consumer Electronics,11.583521823312012,0.02359691836285105,0.6,0.0,0.2982141226502472,0.008990837819635502,0.2594909792973897,0.028918428845376157,0.010261293815307148,1.7419354838709677,1.28,12.438320794186449,29.5,45.2,23.8,Unknown,
CVI,"CVR Energy, Inc.",,,9.927985947099428,-0.11993098769383881,0.05996222851746931,0.6880541405487688,0.02624965093549288,0.9106085645376681,0.04060434372049103,0.02242681775259679,0.0,2.4397260273972603,0.30826602232373507,9.741316516139793,200.0,7.550811976945205,11.475622238866329,Unknown,
DK,"Delek US Holdings, Inc.",,,10.081221250482603,-0.19305070253782441,0.06947289843652801,0.9212409848386356,0.0358298594596611,3.0,0.05529797204827271,0.050105752083938124,0.0,11.540663176265271,0.9683781676666996,9.695992085570994,0.0,17.332749452356023,9.778046954092071,Conglomerate,
AFC,AFC (Synthetic Demo),Technology,Consumer Electronics,11.583521823312012,0.02359691836285105,0.6,0.0,0.2982141226502472,0.008990837819635502,0.2594909792973897,0.028918428845376157,0.010261293815307148,1.7419354838709677,1.28,12.438320794186449,29.5,45.2,23.8,Unknown,
FRO,Frontline plc,,,9.433722162890346,0.04422288044743139,0.5152709210808405,0.12282526186400042,0.31354930833177275,0.1569670472711668,0.25379323402716025,0.2445929608480047,0.0,1.2215521532243614,0.4303652319023966,10.069709939792846,30.972618426826983,4.6752269360543135,15.41103872348264,Unknown,
STNG,Scorpio Tankers Inc.,,,9.084793192273832,-0.16362224796326608,0.59143127672019,0.11128471207968113,0.43863605841687786,0.1342108810213978,0.5390451025701563,0.1049689578951092,0.0,0.19356185905711726,0.6934405877846594,9.722855497722197,15.343645860897148,1.6513591195555608,8.701095540327064,Unknown,
TNK,Teekay Tankers Ltd.,,,9.061789378993472,-0.1963484782718079,0.42918342883213895,0.1496068324279604,0.36789147265645933,0.05308772549844278,0.2323726205531471,0.23612838647785486,0.0,0.02269359801449979,0.15983850320556406,9.543956964940964,9.963679987812727,1.7122125292618573,6.2156307412291545,Unknown,
AES,The AES Corporation,,,10.115743608359958,-0.01731922308676004,0.20292630611306878,0.03660819256791172,0.12114771519659934,0.25620274269840315,-0.13176037996016546,0.5172360962157193,0.0,7.358355894659119,0.3245978409020264,9.998737193902683,10.957104448615386,2.454089354723111,13.094918355985028,Unknown,
AGNC,AGNC Investment Corp.,,,9.380392160057028,1.5,0.0,0.0,0.0,0.0,0.3690129112869638,0.0,0.0,0.004518679899943517,1.0674126212397965,9.7033544967297,3.0243916167664664,0.4075473251028806,0.0,Unknown,
BPY,BPY (Synthetic Demo),Technology,Consumer Electronics,11.583521823312012,0.02359691836285105,0.6,0.0,0.2982141226502472,0.008990837819635502,0.2594909792973897,0.028918428845376157,0.010261293815307148,1.7419354838709677,1.28,12.438320794186449,29.5,45.2,23.8,Unknown,
BRMK,BRMK (Synthetic Demo),Technology,Consumer Electronics,11.583521823312012,0.02359691836285105,0.6,0.0,0.2982141226502472,0.008990837819635502,0.2594909792973897,0.028918428845376157,0.010261293815307148,1.7419354838709677,1.28,12.438320794186449,29.5,45.2,23.8,Unknown,
AMH,American Homes 4 Rent,,,9.2731362877053,0.06751291671209714,0.5732900116923645,0.009886181304120525,0.37756845890844076,0.028045827394162746,0.4046709743050561,0.05638833365412248,0.0,0.7269141572885466,0.6122674224100169,10.02927910514563,23.615972272713226,1.520870725573336,13.052981778888398,REIT,
ALX,"Alexander's, Inc.",,,8.325679826843425,-0.026531949227703522,0.24357993197278913,0.0,0.3745514417190865,0.27563519759943506,0.2136432350718065,0.09125094482237339,0.0,8.639644178973212,0.5201166705967752,9.095331087948214,44.12782523384354,11.40994301183627,17.461762472350056,Unknown,
APT,"Alpha Pro Tech, Ltd.",,,7.791739758704975,-0.017214407792396913,0.3797308866525595,0.025576262426814853,0.0649115687666971,0.051061134909917066,0.09435120422569337,0.010095788844557158,0.0,0.12615640705528347,1.1462173235517266,7.794013043449314,17.62443997167941,0.9960609741028841,11.15153180940386,Unknown,
CIO,CIO (Synthetic Demo),Technology,Consumer Electronics,11.583521823312012,0.02359691836285105,0.6,0.0,0.2982141226502472,0.008990837819635502,0.2594909792973897,0.028918428845376157,0.010261293815307148,1.7419354838709677,1.28,12.438320794186449,29.5,45.2,23.8,Unknown,
BHR,Braemar Hotels & Resorts Inc.,,,8.838299265908445,-0.024183912852447698,0.23190935778165708,0.03697250167794759,0.10242395403507028,0.3123209093601798,0.06595591233546211,0.0,0.0,8.10126691807936,1.0357306939955275,8.06470370005691,0.0,0.8369133051635744,6.754240390881452,ConsumerCyclical,
ARI,"Apollo Commercial Real Estate Finance, Inc.",,,0.0,0.012739938162105391,0.0,0.0,0.0,0.0,-0.25066750983698705,0.0,0.0,4.2659633961715215,0.8015278923914748,8.940364639099746,6.87890758364899,0.46964057184727037,0.0,REIT,
DRE,DRE (Synthetic Demo),Technology,Consumer Electronics,11.583521823312012,0.02359691836285105,0.6,0.0,0.2982141226502472,0.008990837819635502,0.2594909792973897,0.028918428845376157,0.010261293815307148,1.7419354838709677,1.28,12.438320794186449,29.5,45.2,23.8,Unknown,
CBRE,"CBRE Group, Inc.",,,10.639884741916305,0.1265923414979686,0.1844179651695692,0.022028851308590627,0.03191122071516646,0.04404748735107559,0.021494042163153072,0.0096929422548121,0.0,1.125366073439964,1.0273838658084904,10.605318137851162,34.83251067657736,4.5394474941202985,23.938811098764212,Unknown,
CPT,Camden Property Trust,,,9.196384021647267,0.010167650606453416,0.6130191022502278,0.0063973195977503,0.3413670034012395,0.24079224406707275,0.23571275875583425,0.29013992029276886,0.0,0.8941591826564582,0.653470460597857,10.00943984707055,26.581924871638808,2.3426214601046227,12.27622387062667,REIT,
CXW,"CoreCivic, Inc.",,,9.39515788558186,0.0797429196120083,0.22579584192821683,0.017134904847016002,0.09922521076962457,0.08197396925170634,0.023073337101394666,0.05750681552119213,0.0,0.9615021964078964,0.34415553795094767,9.584788896896546,32.99527771817034,2.7354930265027764,14.634290832878758,Unknown,
EGP,"EastGroup Properties, Inc.",,,8.876903392099674,0.12436248067096844,0.7366832716400155,0.003155251551558137,0.39752071156853397,0.03778540477349383,0.671270652214321,0.0,0.0,0.4765272362773193,0.7684216324797984,9.931011091916327,33.14356153184513,2.440139747520237,20.25162375599331,SaaS,
DEA,"Easterly Government Properties, Inc.",,,8.55285308645421,0.08173524247697173,0.67491152226503,0.016951810424597237,0.2618603447198593,0.0476959313698398,0.7526543320490996,0.0,0.0,1.2593792607237977,0.7958284829291504,8.929428749446553,65.37100878258863,0.642429649649468,12.347060181865007,Unknown,
ESRT,"Empire State Realty Trust, Inc.",,,8.89366302233132,0.018909286592631913,0.5230588818403162,0.013238099010523897,0.23354597385277007,0.038857940351894035,0.2907979080812752,0.0,0.0,2.2638400682262865,1.4887609581949017,8.827309766755635,14.115416272767378,0.6338742096713025,7.856410206372968,Unknown,
DOC,"Healthpeak Properties, Inc.",,,9.46979345465614,0.13760048104259082,0.5807320888221124,0.0116007539594137,0.20884658772044193,0.06420898176363336,0.4173243935363885,0.0,0.0,1.352536914870667,0.501292960727888,10.027514814338227,149.327260484253,1.4205224699543766,12.334097368299078,REIT,
GEO,"The GEO Group, Inc.",,,9.451375118929745,0.04426817256438165,0.0,0.0,0.188487844991676,0.2677983718686959,0.009350547744667126,0.06092516555424729,0.0,1.1458136041428975,0.7152033053307773,9.590007963867205,15.294618871888414,2.5836812920655117,8.831885143124635,Unknown,
EXR,Extra Space Storage Inc.,,,9.533209067543028,0.14857590300520163,0.706321413463668,0.017061739408803223,0.5030963345533527,0.03684047737415243,0.538708133298492,0.005778404556868875,0.0,1.041582974557152,1.1207424998722662,10.25151596613367,18.321349318633796,1.3284266653892314,13.128617521245392,REIT,
LSI,LSI (Synthetic Demo),Technology,Consumer Electronics,11.583521823312012,0.02359691836285105,0.6,0.0,0.2982141226502472,0.008990837819635502,0.2594909792973897,0.028918428845376157,0.010261293815307148,1.7419354838709677,1.28,12.438320794186449,29.5,45.2,23.8,Unknown,
GPT,GPT (Synthetic Demo),Technology,Consumer Electronics,11.583521823312012,0.02359691836285105,0.6,0.0,0.2982141226502472,0.008990837819635502,0.2594909792973897,0.028918428845376157,0.010261293815307148,1.7419354838709677,1.28,12.438320794186449,29.5,45.2,23.8,Unknown,
NS,NS (Synthetic Demo),Technology,Consumer Electronics,11.583521823312012,0.02359691836285105,0.6,0.0,0.2982141226502472,0.008990837819635502,0.2594909792973897,0.028918428845376157,0.010261293815307148,1.7419354838709677,1.28,12.438320794186449,29.5,45.2,23.8,Unknown,
LTC,"LTC Properties, Inc.",,,8.541395753209919,0.15439754516354243,0.6172118682316956,0.09832836177763304,0.6062871403897221,0.06048558394353972,0.4068413956470118,0.0,0.0,0.7834358464870175,0.07912760332357159,9.249018730305252,15.03972128979758,1.6505045656493493,13.192421377111017,REIT,
HUBB,Hubbell Incorporated,,,9.794041672128293,0.042972885475437206,0.3515168069927373,0.017816515358741687,0.2024432809773124,0.031773577424999054,0.14483578636159136,0.02680120830387557,0.0,0.6464045323423165,0.9985199207798572,10.407058462696419,28.77967487913426,6.634904645463759,19.819513125516448,Unknown,
MFA,"MFA Financial, Inc.",,,8.432056474093777,0.20553365713784277,0.0,0.0,0.0,0.0,0.9326371606805433,0.0,0.0,3.6103945133077455,0.40989751135767183,8.891417745378636,4.40531781902106,0.42610244050566426,0.0,Unknown,
KRC,Kilroy Realty Corporation,,,9.046056356024323,-0.007564724073948592,0.6627501627879367,0.015572916295192295,0.38549898577022595,0.08992189895900655,-0.14732578093240614,0.6690449294705525,0.0,0.8701816906597117,1.2445622456193977,9.594459753907561,14.23509324727203,0.7250964999362641,10.789228559508825,Unknown,
PEI,PEI (Synthetic Demo),Technology,Consumer Electronics,11.583521823312012,0.02359691836285105,0.6,0.0,0.2982141226502472,0.008990837819635502,0.2594909792973897,0.028918428845376157,0.010261293815307148,1.7419354838709677,1.28,12.438320794186449,29.5,45.2,23.8,Unknown,
MNR,Mach Natural Resources LP,,,9.130971873222949,0.2417251348817686,0.25263593900819903,0.20283917735924742,0.18309071882524097,0.37074545831137884,0.18211296722966602,0.2308080341128045,0.0,0.0,-0.35514249845046175,8.990138980051281,3.418389470150506,0.0,4.131221122631982,Unknown,
NMR,"Nomura Holdings, Inc.",,,12.295742101867043,0.15614445985506165,0.0,0.0,0.0,0.0,-0.6057194163769943,0.0,0.0,4.810867053519704,1.048208033703246,10.465766405334437,0.08070549396077088,0.007882103630042925,0.0,Conglomerate,
QTS,QTS (Synthetic Demo),Technology,Consumer Electronics,11.583521823312012,0.02359691836285105,0.6,0.0,0.2982141226502472,0.008990837819635502,0.2594909792973897,0.028918428845376157,0.010261293815307148,1.7419354838709677,1.28,12.438320794186449,29.5,45.2,23.8,Unknown,
OUT,OUTFRONT Media Inc.,,,9.286209386066009,0.0030438131680943226,0.514046251746081,0.02344985348553562,0.15990609816017906,1.9618562802559056,0.15075792850121578,0.05132184800041389,0.0,5.815033783783784,1.1663444792585738,9.662722313494303,31.289957895238093,6.474695679335585,19.04816554976826,Unknown,
PEB,Pebblebrook Hotel Trust,,,9.176247287508078,0.019388451299769738,0.25335562754450236,0.017672856210994976,0.030782545284993197,0.34493017486107663,0.18607713628236253,0.0,0.0,0.9953573270258983,1.0760331863193848,9.381909759941395,0.0,0.9760124123994732,17.1465495001831,Unknown,
PDS,Precision Drilling Corporation,,,9.283212777435198,-0.02459478753568267,0.8254759172310611,0.009208387224063896,0.06058890147225369,0.40663853514505394,0.06177403835885329,0.15217890726705283,0.0,0.46982823926306005,0.14515325409495336,9.06117128710779,200.0,0.7267726289783746,16.200373811633902,Unknown,
REXR,"Rexford Industrial Realty, Inc.",,,8.996477960487825,0.12130863394979707,0.7679829986803411,0.0035744722931632983,0.3236519982893594,0.0989656327642536,0.229001646297142,0.28447470216942244,0.0,0.3843608279969075,1.282903947770723,9.841271688604735,32.724756486188205,0.8201105993785519,15.6493336450432,SaaS,
SOHO,SOHO (Synthetic Demo),Technology,Consumer Electronics,11.583521823312012,0.02359691836285105,0.6,0.0,0.2982141226502472,0.008990837819635502,0.2594909792973897,0.028918428845376157,0.010261293815307148,1.7419354838709677,1.28,12.438320794186449,29.5,45.2,23.8,Unknown,
RSI,"Rush Street Interactive, Inc.",,,9.135749769924514,0.2811466829030831,0.34968224670998965,0.02803883548660324,0.07706438839661926,3.0,0.10638059726059866,0.027258674661159478,0.0,0.041647706048154313,1.7895004014676896,9.114905562836947,39.11623142067972,8.849006256392842,7.6358339965775475,Unknown,
RHP,"Ryman Hospitality Properties, Inc.",,,9.438354984270868,0.09275535811414382,0.3253140881166959,0.02088060561743133,0.1924300588926688,0.0592110155441926,0.10010292235339396,0.1520462742399636,0.0,5.5131866608367375,1.1549101717852113,9.826827179646894,27.571602012940332,8.947009699367594,13.40551756838466,Unknown,
STAR,STAR (Synthetic Demo),Technology,Consumer Electronics,11.583521823312012,0.02359691836285105,0.6,0.0,0.2982141226502472,0.008990837819635502,0.2594909792973897,0.028918428845376157,0.010261293815307148,1.7419354838709677,1.28,12.438320794186449,29.5,45.2,23.8,Unknown,
SITC,SITE Centers Corp.,,,7.852876289474887,-0.4773260772130028,0.6150003508033397,0.020538142985833046,1.0,0.4029133327786389,-0.24942117448958115,0.0,0.0,0.25083864800681077,0.5475251241195153,8.255391930955632,1.0123045787440754,0.5378384976924111,0.6098215158525199,Unknown,
RLJ,RLJ Lodging Trust,,,9.140383267583456,0.009117840059970073,0.2691171052755386,0.03962839499225715,0.09960218096691509,0.11322823647638805,0.193246540431658,0.0,0.0,1.0672409549367006,0.9504633413937255,9.259517342732364,63.75809885509839,0.8378233956449473,11.455370376868498,Unknown,
VRE,VRE (Synthetic Demo),Technology,Consumer Electronics,11.583521823312012,0.02359691836285105,0.6,0.0,0.2982141226502472,0.008990837819635502,0.2594909792973897,0.028918428845376157,0.010261293815307148,1.7419354838709677,1.28,12.438320794186449,29.5,45.2,23.8,Unknown,
SLG,SL Green Realty Corp.,,,8.992672347164604,0.014452694999691706,0.43568240227241983,0.03523735624416873,0.16564501995082487,3.0,0.09372002981890001,0.0,0.0,1.346936046012767,1.5914585692807357,9.497259780006116,0.0,0.8559670730328739,18.950963024908905,Unknown,
SRG,Seritage Growth Properties,,,7.109780968013576,-0.06401025202404687,0.10003106554830693,1.3755997643977353,-1.0,0.37145241604756807,-1.0,0.0,0.0,0.14385847394211504,0.41104930883361507,8.006273918626919,0.0,0.30612616246650737,0.0,Unknown,
VG,"Venture Global, Inc.",,,10.229195323876644,0.3204444361378638,0.47761194029850745,0.1620054708352938,0.34984385213159996,0.237830572294151,-0.4123650522093092,0.8152321396967731,0.0,5.175886104107964,0.0637882492230807,10.501997864803375,12.556752773422925,4.71134280242622,11.169604813608892,Unknown,
SUI,"Sun Communities, Inc.",,,9.335197045077562,0.004077784172422438,0.5374127651707723,0.0013437221299019723,0.07636428065201985,0.7154685167586193,0.41572306696861855,0.0,0.0,0.612225241155245,0.5731939713717145,10.137765420057342,10.088892153981782,1.9742384382053164,25.511686020873146,Unknown,
UMH,"UMH Properties, Inc.",,,8.433552232275927,0.08848946914123523,0.5487389631638685,0.008837822296299074,0.21378087822917702,0.06474785394223542,0.33316873277221737,0.0,0.0,0.840633213331272,0.3649837813775702,8.948187421331511,33.49329974716027,0.9801211984009541,12.86937671920531,Unknown,
XHR,"Xenia Hotels & Resorts, Inc.",,,9.038578041686673,0.02554403357903201,0.26129249497206497,0.0313937488131236,0.1437292535929532,0.20102750450758902,0.10569552033408547,0.060730500853696696,0.0,1.2612099261341294,1.2088117725942744,9.311299845491767,32.46034159269592,1.8055241852977115,11.681947938810007,ConsumerCyclical,
BC,Brunswick Corporation,,,9.750500680848878,-0.0847108428153841,0.25577718964812873,0.0490799306349168,-0.004475274110539271,0.8471420699093515,0.060604984102737174,0.03229187019307626,0.0,1.4042814960629921,1.7954272015208095,9.669262190426778,0.0,2.8724236897145676,24.936357355679707,Unknown,
BMTC,BMTC (Synthetic Demo),Technology,Consumer Electronics,11.583521823312012,0.02359691836285105,0.6,0.0,0.2982141226502472,0.008990837819635502,0.2594909792973897,0.028918428845376157,0.010261293815307148,1.7419354838709677,1.28,12.438320794186449,29.5,45.2,23.8,Unknown,
ASB,Associated Banc-Corp,,,9.204963052291241,0.16105648691803953,0.0,0.0,0.0,0.0,0.4239518335933489,0.024561024858571687,0.0,0.7763016328308358,0.8545898384364471,9.63977292465815,9.189317407962054,0.8768989481537669,0.0,Unknown,
BRK,BRK (Synthetic Demo),Technology,Consumer Electronics,11.583521823312012,0.02359691836285105,0.6,0.0,0.2982141226502472,0.008990837819635502,0.2594909792973897,0.028918428845376157,0.010261293815307148,1.7419354838709677,1.28,12.438320794186449,29.5,45.2,23.8,Conglomerate,
BXS,BXS (Synthetic Demo),Technology,Consumer Electronics,11.583521823312012,0.02359691836285105,0.6,0.0,0.2982141226502472,0.008990837819635502,0.2594909792973897,0.028918428845376157,0.010261293815307148,1.7419354838709677,1.28,12.438320794186449,29.5,45.2,23.8,Unknown,
BKU,"BankUnited, Inc.",,,9.050045108460383,0.06677492861251211,0.0,0.0,0.0,0.0,0.33113841026257984,0.0,0.0,0.6138981586722767,1.009625147551246,9.51623960711702,12.233004975014254,1.0749664058007178,0.0,Bank,
BEN,Franklin Templeton Inc.,,,9.969606922636538,0.05705819538722379,0.8115314078570586,0.004116480937799448,0.1005278940107403,0.29324071312449346,0.024838858442101652,0.0033461674585214657,0.0,1.101185646392555,1.8639009798334152,10.214607079566962,31.227017511430752,1.3571231094859992,18.476874065617263,Unknown,
CIT,CIT (Synthetic Demo),Technology,Consumer Electronics,11.583521823312012,0.02359691836285105,0.6,0.0,0.2982141226502472,0.008990837819635502,0.2594909792973897,0.028918428845376157,0.010261293815307148,1.7419354838709677,1.28,12.438320794186449,29.5,45.2,23.8,Unknown,
IBKC,IBKC (Synthetic Demo),Technology,Consumer Electronics,11.583521823312012,0.02359691836285105,0.6,0.0,0.2982141226502472,0.008990837819635502,0.2594909792973897,0.028918428845376157,0.010261293815307148,1.7419354838709677,1.28,12.438320794186449,29.5,45.2,23.8,Unknown,
BOH,Bank of Hawaii Corporation,,,8.880572949337504,0.027600184740263156,0.0,0.0,0.0,0.0,0.26923071859543246,0.06622089341595805,0.0,0.35143354731926973,0.6426856994317325,9.440880877184535,13.403564608405942,1.4908183179452164,0.0,Bank,
M&T,M&T (Synthetic Demo),Technology,Consumer Electronics,11.583521823312012,0.02359691836285105,0.6,0.0,0.2982141226502472,0.008990837819635502,0.2594909792973897,0.028918428845376157,0.010261293815307148,1.7419354838709677,1.28,12.438320794186449,29.5,45.2,23.8,Unknown,
GBCI,"Glacier Bancorp, Inc.",,,9.065457960774946,0.128004487541439,0.0,0.0,0.0,0.0,0.35028735483893164,0.032064878031159205,0.0,0.18051122722108984,1.0034591256175576,9.687016094688744,20.350136050169855,1.1543566562984047,0.0,Bank,
FNB,F.N.B. Corporation,,,9.261976191397812,0.05994727418919643,0.0,0.0,0.0,0.0,0.3402625820568928,0.044857768052516414,0.0,0.455984613108448,1.0343036104705814,9.798664690363848,11.133103397345131,0.9306411332297676,0.0,Unknown,
COLB,"Columbia Banking System, Inc.",,,9.42143939022005,0.07341899671739127,0.0,0.0,0.0,0.0,0.47896930655551345,0.015915119363395226,0.0,0.46364795918367346,0.777539659425991,9.797766716579446,11.413110632072728,0.8006646489336735,0.0,Bank,
LPL,"LG Display Co., Ltd.",,,13.403187342454624,0.09999554655417375,0.1444659523338958,0.5915704135214648,0.046659944745623044,1.6742479418996776,0.02933588124167297,0.09342238366246648,0.0,1.9266470466030015,1.6270541428404597,9.08479791264046,0.005371435065573191,0.00018406986491471087,2.0064927582607788,Unknown,
MSCI,MSCI Inc.,,,9.522933549785861,0.11330395320966025,0.829738786965085,0.0023514872996716735,0.543680743630719,0.06121742483775382,0.447689001647992,0.04069316452263724,0.0,0.0,1.1117940754169937,10.631997000958833,35.64366454813879,0.0,25.304170459246432,SaaS,
MA,Mastercard Incorporated,,,10.545096723455075,0.14303037916105898,0.7806629991733888,0.010747318787896788,0.5885761336952211,0.019095432533612202,0.4553487444061226,0.04167260496536784,0.0,2.455732195941579,0.39375022705628376,11.722601480840394,35.27261892036344,68.23840765154452,26.23854424497383,Bank,
TROW,"T. Rowe Price Group, Inc.",,,9.880356199419236,0.064065010789637,0.5161354056902002,0.01905195455807259,0.33868321758626346,0.042085358107870736,0.22046891464699683,0.034035827186512116,0.0,0.04117825802708999,1.4609933202991807,10.37046335105776,11.243980738824206,2.1608744118378285,6.6613617697622365,Bank,
STI,"Solidion Technology, Inc.",,,5.3418102888565135,0.3865507713295804,0.9726114069825663,0.33153800119688803,-1.0,0.5995946133856529,-1.0,0.4764713915062133,0.0,0.0,-0.44364374354324543,6.890700855732685,0.0,0.0,0.0,SaaS,
FAFG,FAFG (Synthetic Demo),Technology,Consumer Electronics,11.583521823312012,0.02359691836285105,0.6,0.0,0.2982141226502472,0.008990837819635502,0.2594909792973897,0.028918428845376157,0.010261293815307148,1.7419354838709677,1.28,12.438320794186449,29.5,45.2,23.8,Unknown,
UMB,UMB (Synthetic Demo),Technology,Consumer Electronics,11.583521823312012,0.02359691836285105,0.6,0.0,0.2982141226502472,0.008990837819635502,0.2594909792973897,0.028918428845376157,0.010261293815307148,1.7419354838709677,1.28,12.438320794186449,29.5,45.2,23.8,Unknown,
WAL,Western Alliance Bancorporation,,,9.587340478409066,0.1647013392376575,0.0,0.0,0.0,0.0,-0.4268756303824967,0.031060077068301134,0.0,0.8462041029661571,1.618380521307624,9.920065459788821,8.585027343529411,1.0870105182124656,0.0,Bank,
HNT,HNT (Synthetic Demo),Technology,Consumer Electronics,11.583521823312012,0.02359691836285105,0.6,0.0,0.2982141226502472,0.008990837819635502,0.2594909792973897,0.028918428845376157,0.010261293815307148,1.7419354838709677,1.28,12.438320794186449,29.5,45.2,23.8,Unknown,
VLY,Valley National Bancorp,,,9.333114221308259,0.03804277263323086,0.0,0.0,0.0,0.0,0.2670148995889192,0.0,0.0,0.42763308724287236,1.027006950976244,9.812359833678888,10.856029030858737,0.8314513199614022,0.0,Bank,
CNA,CNA Financial Corporation,,,10.171960354012677,0.058768377026097385,0.0,0.0,0.11928226738258683,0.11134402114990002,0.15177009018710458,0.005182393323462108,0.0,0.255657860769297,0.03872112499305044,10.098758464711384,9.822626055305166,1.0802268392289822,8.27359786229041,Insurance,
HSC,HSC (Synthetic Demo),Technology,Consumer Electronics,11.583521823312012,0.02359691836285105,0.6,0.0,0.2982141226502472,0.008990837819635502,0.2594909792973897,0.028918428845376157,0.010261293815307148,1.7419354838709677,1.28,12.438320794186449,29.5,45.2,23.8,Unknown,
CVE,Cenovus Energy Inc.,,,10.774954689080138,-0.024851836044200826,0.27286769644056413,0.0144874430284919,0.09740099713749503,0.09840670731662214,0.1254533243787777,0.08200134318334452,0.0,0.44927582063120614,0.16482134103142337,10.79139416114899,15.739887022900763,1.9561620390867116,7.098233881897387,Unknown,
PRA,PRA (Synthetic Demo),Technology,Consumer Electronics,11.583521823312012,0.02359691836285105,0.6,0.0,0.2982141226502472,0.008990837819635502,0.2594909792973897,0.028918428845376157,0.010261293815307148,1.7419354838709677,1.28,12.438320794186449,29.5,45.2,23.8,Unknown,
NSM,NSM (Synthetic Demo),Technology,Consumer Electronics,11.583521823312012,0.02359691836285105,0.6,0.0,0.2982141226502472,0.008990837819635502,0.2594909792973897,0.028918428845376157,0.010261293815307148,1.7419354838709677,1.28,12.438320794186449,29.5,45.2,23.8,Unknown,
HLM,HLM (Synthetic Demo),Technology,Consumer Electronics,11.583521823312012,0.02359691836285105,0.6,0.0,0.2982141226502472,0.008990837819635502,0.2594909792973897,0.028918428845376157,0.010261293815307148,1.7419354838709677,1.28,12.438320794186449,29.5,45.2,23.8,Unknown,
SAF,SAF (Synthetic Demo),Technology,Consumer Electronics,11.583521823312012,0.02359691836285105,0.6,0.0,0.2982141226502472,0.008990837819635502,0.2594909792973897,0.028918428845376157,0.010261293815307148,1.7419354838709677,1.28,12.438320794186449,29.5,45.2,23.8,Unknown,
NFX,NFX (Synthetic Demo),Technology,Consumer Electronics,11.583521823312012,0.02359691836285105,0.6,0.0,0.2982141226502472,0.008990837819635502,0.2594909792973897,0.028918428845376157,0.010261293815307148,1.7419354838709677,1.28,12.438320794186449,29.5,45.2,23.8,Unknown,
NNI,"Nelnet, Inc.",,,9.157270558838878,0.18114219600267223,0.0,0.0,0.0,0.0,0.2534322298215519,0.02578627999197986,0.0,2.1110597125393946,0.5363430043848609,9.662692385140357,10.734156213842615,1.2478476402276635,0.0,Unknown,
NGL,NGL Energy Partners LP,,,9.547035283544224,-0.12826914149619806,0.2242040638536661,0.12077088242318809,0.021361724805372607,0.7296447754200202,0.028909802652954956,0.08737554962478664,0.0,0.0,2.035919445737376,9.332255900198682,0.0,0.0,16.33440354565981,Unknown,
SBG,SBG (Synthetic Demo),Technology,Consumer Electronics,11.583521823312012,0.02359691836285105,0.6,0.0,0.2982141226502472,0.008990837819635502,0.2594909792973897,0.028918428845376157,0.010261293815307148,1.7419354838709677,1.28,12.438320794186449,29.5,45.2,23.8,Unknown,
STFC,STFC (Synthetic Demo),Technology,Consumer Electronics,11.583521823312012,0.02359691836285105,0.6,0.0,0.2982141226502472,0.008990837819635502,0.2594909792973897,0.028918428845376157,0.010261293815307148,1.7419354838709677,1.28,12.438320794186449,29.5,45.2,23.8,Unknown,
TMK,TMK (Synthetic Demo),Technology,Consumer Electronics,11.583521823312012,0.02359691836285105,0.6,0.0,0.2982141226502472,0.008990837819635502,0.2594909792973897,0.028918428845376157,0.010261293815307148,1.7419354838709677,1.28,12.438320794186449,29.5,45.2,23.8,Unknown,
PRG,"PROG Holdings, Inc.",,,9.412101034683841,0.014823961461909008,0.5126799312855008,0.0,0.08875849184571125,0.04221790795263775,0.12340501482658184,0.005551982859317632,0.0,0.8066858069952855,1.8219030458655634,9.172915438391362,10.144365424966619,1.9949587321832165,0.9747809650895389,Conglomerate,
SCI,Service Corporation International,,,9.640418325520907,0.025226606942572616,0.26026001489919015,0.009182850229774784,0.22861487679712916,0.015284962730430377,0.13849541066035911,0.09898921239127424,0.0,3.184315659619196,0.2741404360222474,10.074632146487783,21.884727920953015,7.2484709526690025,12.711354753700844,Unknown,
VIT,VIT (Synthetic Demo),Technology,Consumer Electronics,11.583521823312012,0.02359691836285105,0.6,0.0,0.2982141226502472,0.008990837819635502,0.2594909792973897,0.028918428845376157,0.010261293815307148,1.7419354838709677,1.28,12.438320794186449,29.5,45.2,23.8,Unknown,
SEIC,SEI Investments Company,,,9.389207916430502,0.09392944077942,0.5457543681506598,0.018467645468837057,0.3991249165898038,0.1029087276501368,0.2694075182961968,0.021186530603582675,0.0,0.011668513234827909,1.0024931056547153,10.138056696543535,19.211684050859425,5.614144736627089,13.451451695494141,Unknown,
THG,"The Hanover Insurance Group, Inc.",,,9.828253763782566,0.04940424354507922,0.0,0.0,0.13506311574010627,0.6348669150713964,0.18609382657380044,0.0015741717035210954,0.0,0.3411171776564469,0.29736919198607037,9.89274600108294,11.791257358490565,2.187234495310094,8.96113780598368,Insurance,
AGN,AGN (Synthetic Demo),Technology,Consumer Electronics,11.583521823312012,0.02359691836285105,0.6,0.0,0.2982141226502472,0.008990837819635502,0.2594909792973897,0.028918428845376157,0.010261293815307148,1.7419354838709677,1.28,12.438320794186449,29.5,45.2,23.8,Unknown,
TNL,Travel + Leisure Co.,,,9.61204174464527,0.03550309833755039,0.8961641827510384,0.020226688110169914,0.1415070877891072,0.14601267159835557,0.1079892499389201,0.02516491570974835,0.0,0.0,1.069150574288032,9.693083515627757,21.446463100173915,0.0,15.026964665281387,ConsumerCyclical,
USNA,"USANA Health Sciences, Inc.",,,8.96064246353724,0.0023029691695313215,0.7744615765288861,0.015872785012848122,0.04579160168472111,0.3319930440444426,0.017445456944187455,0.012911652676214552,0.0,0.036859599627839974,1.0106649436031698,8.454285128171085,26.452873605947957,0.5339163090128756,1.777764618440131,Unknown,
ANTM,ANTM (Synthetic Demo),Technology,Consumer Electronics,11.583521823312012,0.02359691836285105,0.6,0.0,0.2982141226502472,0.008990837819635502,0.2594909792973897,0.028918428845376157,0.010261293815307148,1.7419354838709677,1.28,12.438320794186449,29.5,45.2,23.8,Unknown,
GCI,GCI (Synthetic Demo),Technology,Consumer Electronics,11.583521823312012,0.02359691836285105,0.6,0.0,0.2982141226502472,0.008990837819635502,0.2594909792973897,0.028918428845376157,0.010261293815307148,1.7419354838709677,1.28,12.438320794186449,29.5,45.2,23.8,Unknown,
DISH,DISH (Synthetic Demo),Technology,Consumer Electronics,11.583521823312012,0.02359691836285105,0.6,0.0,0.2982141226502472,0.008990837819635502,0.2594909792973897,0.028918428845376157,0.010261293815307148,1.7419354838709677,1.28,12.438320794186449,29.5,45.2,23.8,Unknown,
WTM,"White Mountains Insurance Group, Ltd.",,,9.474347407036776,0.15401418636299313,0.0,0.0,0.4876451221625368,0.43055076416694593,0.13022912543191653,0.0,0.0,0.15427433921922806,0.19987252118418214,9.715846426702422,4.6982298477223425,0.9581084350499504,4.1312206083751155,Insurance,
MBT,MBT (Synthetic Demo),Technology,Consumer Electronics,11.583521823312012,0.02359691836285105,0.6,0.0,0.2982141226502472,0.008990837819635502,0.2594909792973897,0.028918428845376157,0.010261293815307148,1.7419354838709677,1.28,12.438320794186449,29.5,45.2,23.8,Unknown,
AMX,"América Móvil, S.A.B. de C.V.",,,11.98033561707928,0.07536106178859248,0.62440025258282,0.006124533369651403,0.23351812685758785,0.16869575607128992,0.04162922948025671,0.04807558393867817,0.0,2.0410839235366867,-0.1293573271629125,12.129750859900907,16.278727286544903,3.7235569660687653,5.115772358748244,Unknown,
BCE,BCE Inc.,,,10.394399142025591,-0.00416300405223069,0.6867766262047829,0.0039058362236854063,0.38752656530979246,0.5053992759170396,0.10702907609791507,0.166633060450861,0.0,1.7836229365768896,0.1869015833378717,10.255113764291623,2.7853594343931887,0.7816430037437011,3.989974316995924,Utilities,
SJR,SJR (Synthetic Demo),Technology,Consumer Electronics,11.583521823312012,0.02359691836285105,0.6,0.0,0.2982141226502472,0.008990837819635502,0.2594909792973897,0.028918428845376157,0.010261293815307148,1.7419354838709677,1.28,12.438320794186449,29.5,45.2,23.8,Unknown,
TEF,TEF (Synthetic Demo),Technology,Consumer Electronics,11.583521823312012,0.02359691836285105,0.6,0.0,0.2982141226502472,0.008990837819635502,0.2594909792973897,0.028918428845376157,0.010261293815307148,1.7419354838709677,1.28,12.438320794186449,29.5,45.2,23.8,Unknown,
LUMN,"Lumen Technologies, Inc.",,,10.073058160988836,-0.07698252684293894,0.47794117647058826,0.03727538629025722,-0.11546524754071925,1.3756799516072749,0.07074036511156187,0.3828600405679513,0.0,0.0,3.780361875829144,9.76040031574329,0.0,0.0,17.05672437357631,MatureTech,
NOK,Nokia Oyj,,,10.306746608077711,-0.029993762170208216,0.44401677769553416,0.05363840866949929,0.05701644124893157,0.3141106476477869,0.026449543547989143,0.029558351838144585,0.0,0.21047360137358706,1.3338398911967688,10.772485783227872,90.9713824764977,2.824551437601946,25.82040390244119,Unknown,
OMC,Omnicom Group Inc.,,,10.349691221755197,0.08424303658737231,0.1119604135655952,0.3117914363303782,0.031351501571917385,0.507343515823695,0.10679754864491559,0.008640534971146066,0.0,0.8910574640123529,0.5721496141326666,10.17696490405741,0.0,1.2477548191070749,23.078226594964555,Unknown,
PHI,PLDT Inc.,,,11.344038405543932,0.01746981162391159,0.857598949370528,0.005169506774924258,0.2556825466600729,0.05263129068770714,0.2041028892310479,0.23883253328502854,0.0,2.8309861374902474,-0.035310934927552426,9.57909039072052,0.13236827189309888,0.02989967143724042,3.044863987938435,Unknown,
RCI,Rogers Communications Inc.,,,10.3544349980319,0.060428204061222734,0.44258743423088825,0.02034634915675143,0.4466193809874724,0.42611321832001386,0.1071760180395278,0.16602555599770086,0.0,2.488648526843558,0.757665165801523,10.192200671531616,2.2580283613446475,0.8769560882829137,4.004034797607816,Utilities,
MLCO,Melco Resorts & Entertainment Limited,,,9.702701282898458,0.16947502628358402,0.36844582832570877,0.0678571441826369,0.11875914991558693,0.5063433305022395,0.00037674918200812467,0.011708769709683028,0.0,0.0,1.3532366026600964,9.758951119309733,31.022283656245783,0.0,10.151070091290174,ConsumerCyclical,
SPOT,Spotify Technology S.A.,,,10.25799038711933,0.13901288117123345,0.3279964666261801,0.09097663307257699,0.13121145118119398,1.1507876010391818,0.18036769171313422,0.003864627615524761,0.0,0.23484211790130868,0.9630285191401077,10.96097686124608,41.32299004403707,10.97448120751711,37.37991259117947,Unknown,
AAP,"Advance Auto Parts, Inc.",,,9.935658386100634,-0.033574818944176354,0.44682825002899224,0.06138335774971496,0.005580746424834322,1.7392166257184845,0.00266728516757509,0.03351501797518265,0.0,2.3767060964513194,1.4053003532116557,9.360277426076786,52.09844363636363,1.0429169790718835,13.729161,ConsumerCyclical,
PENN,"PENN Entertainment, Inc.",,,9.854913022307855,0.045943602576572484,0.3516201117318436,0.05259403104593497,-0.05960350524349949,2.182646474792906,0.008100558659217877,0.08284916201117318,0.0,6.1462377317339145,1.1802848777534383,9.355556000264265,0.0,1.2363933739312978,100.0,Unknown,
ADM,Archer-Daniels-Midland Company,,,10.91433786726406,-0.07559942615261961,0.06869754808219344,0.1038319392292241,0.02325929063523901,0.3280154256343121,0.020426558179758584,0.01361770545317239,0.0,0.4292438305547002,0.4626997682068261,10.64351337476848,40.822031539888684,1.93578278273875,17.30615157480315,Unknown,
ALLE,Allegion plc,,,9.63230541441367,0.05550205314851153,0.44801212545178964,0.017326986099430126,0.21375359575148134,0.042168937918477846,0.1564882826162994,0.022898449341261513,0.0,0.9576804023989166,0.3768551145454054,10.131868031131965,21.043455640214354,6.552416686578642,15.132332676211849,Unknown,
ADP,"Automatic Data Processing, Inc.",,,10.341385057697067,0.06908324138652988,0.46416220526255836,0.00872051503129537,0.28201973810109626,0.01487654100985855,0.21761476250142386,0.03030413486729696,0.0,0.873922270858204,0.548587613724555,11.026083326336224,24.060253313696613,17.606766149356677,15.826230979263523,ConsumerCyclical,
AMCR,Amcor plc,,,10.371178731816286,0.31275046486040226,0.19952352590827874,0.0249830431501685,0.08329788139198503,0.11245511278099722,0.05228452310048498,0.03922402790776823,0.0,1.260729431721798,0.4453418599652906,10.083297750785686,10.953240506329115,1.0275050042408822,7.524958975851033,Unknown,
AME,"AMETEK, Inc.",,,9.895639252428502,0.05919765188307946,0.36357807674363035,0.005568905595228569,0.25396075402682516,0.0033821887932547904,0.232066107463158,0.017216470710610977,0.0,0.22057476742875431,0.7827712316876956,10.763103366456031,39.15615006529104,5.452801690610762,25.9916744462141,Unknown,
AMG,"Affiliated Managers Group, Inc.",,,9.356064119338596,0.00402533211489664,0.5027310369130473,0.04133261539219124,0.6376783648283842,0.08483338293043051,0.4690776143071095,0.0030393797903268435,0.0,0.8310585474308301,0.6596779492553847,10.123760004960616,18.55595032096009,4.106099925889328,10.313019082691664,REIT,
AN,"AutoNation, Inc.",,,10.439223711723749,0.012583680012217435,0.17967053551618406,0.02960694742251807,0.04811916877175967,0.12044328278407318,-0.0037827673125256883,0.010569924817499663,0.0,4.350177267096664,1.0353551129103888,9.88878010522792,11.92527756256355,3.306436147904831,11.300631034699558,ConsumerCyclical,
AMP,"Ameriprise Financial, Inc.",,,10.290101420759143,0.09067499024311032,0.0,0.0,0.26136363636363635,0.06544467966440387,0.4134748500230734,0.007896221094190638,0.0,0.8950984883188273,0.9485340298969772,10.713343588774002,14.505335105500981,7.891664220629105,10.015095837217649,Unknown,
APH,Amphenol Corporation,,,10.413363478288865,0.35629135262431766,0.3734548599047244,0.053242216414027224,0.25843591819768175,0.10293324251513714,0.17880388205591458,0.042449370362649494,0.0,1.1557358105136024,1.1714220704606422,11.315750482256117,48.44981195700536,15.424863156168223,30.658786515549494,MatureTech,
ANET,"Arista Networks, Inc.",,,10.02287357315364,0.2396598020002918,0.6300375683060109,0.015970530909581757,0.4281843721198797,0.045505763026003544,0.4890805251973285,0.014353749241044322,0.0,0.5721757406733762,2.263005849430388,11.405746768219759,72.48805775474169,20.575931934844995,66.09025020999313,MatureTech,
APTV,Aptiv PLC,,,10.272421826371504,0.008615818848494827,0.1963150867823765,0.04705330536073409,0.06275125012256104,0.2966851864820166,0.036528704939919894,0.03562082777036048,0.0,0.8791137178233952,0.756976029900411,10.071776905249576,71.49784648278788,1.2813234136700338,7.9437008673095555,Unknown,
ATGE,ATGE (Synthetic Demo),Technology,Consumer Electronics,11.583521823312012,0.02359691836285105,0.6,0.0,0.2982141226502472,0.008990837819635502,0.2594909792973897,0.028918428845376157,0.010261293815307148,1.7419354838709677,1.28,12.438320794186449,29.5,45.2,23.8,Unknown,
ARES,Ares Management Corporation,,,9.777252417052845,0.24189674233899305,0.5581100592140918,0.036769159334352916,0.3667516917844242,0.20634981483206075,0.13964655258079411,0.01268923499334875,0.0,3.3264855759481486,1.2310136554407676,10.319132051001528,39.53877577423098,4.8769566874628545,14.635691228930376,Unknown,
ATM,ATM (Synthetic Demo),Technology,Consumer Electronics,11.583521823312012,0.02359691836285105,0.6,0.0,0.2982141226502472,0.008990837819635502,0.2594909792973897,0.028918428845376157,0.010261293815307148,1.7419354838709677,1.28,12.438320794186449,29.5,45.2,23.8,Unknown,
ARMK,Aramark,,,10.29765688066725,0.07268793022392273,0.08510740900196641,0.011393624245411875,0.04294926824644949,0.19705125909902768,0.021808981729847483,0.024086452062315723,0.0,1.8176234943500107,1.2650208548579198,10.157529075866066,44.03387540242774,4.5654775619199,15.304936864103109,Unknown,
ARW,"Arrow Electronics, Inc.",,,10.555393827099556,-0.034643910167428404,0.11300672438805151,0.0447854896586863,0.030241272021608312,0.228923719265485,0.02297758125343983,0.0030870912526169978,0.0,0.46851798529685124,1.2434821883918512,10.156514336418239,25.10012934429845,2.1775972115409146,15.98592382950031,Unknown,
ATI,ATI Inc.,,,9.67350011850585,0.04838956704315178,0.23358500169664065,0.053958326304053054,0.13798665910973537,0.16223996876605523,0.1116177468612148,0.059170342721411605,0.0,0.969465225824328,1.3580660739737473,10.39238560448273,61.049465104229526,13.678192708029924,32.47409654430159,Unknown,
ATR,"AptarGroup, Inc.",,,9.588018789766375,0.04071042097806177,0.36672447236378136,0.01779522971853734,0.14405319734479236,0.0857559089083972,0.08362571861191961,0.07283982623173646,0.0,0.5737814531411164,0.15112101956666255,9.893102998711688,19.90415210201915,2.9302288973110415,10.759890219584884,Unknown,
BLL,BLL (Synthetic Demo),Technology,Consumer Electronics,11.583521823312012,0.02359691836285105,0.6,0.0,0.2982141226502472,0.008990837819635502,0.2594909792973897,0.028918428845376157,0.010261293815307148,1.7419354838709677,1.28,12.438320794186449,29.5,45.2,23.8,Unknown,
AUB,Atlantic Union Bankshares Corporation,,,9.184955049860102,0.40152866020379685,0.0,0.0,0.0,0.0,0.3419969182110993,0.016551388078741732,0.0,0.2840049872183554,1.106422735434442,9.46244950906435,10.59621864362567,0.5793274897521132,0.0,Bank,
AVY,Avery Dennison Corporation,,,9.966052517141915,0.028944009662345893,0.28977844097706557,0.026740947208064136,0.11975608378973518,0.09930821710969685,0.11169861917583071,0.021690941923205847,0.0,1.6649123589491994,0.4549480152552931,10.137581879540333,19.952321828372092,6.122473314267874,12.42694420531432,Unknown,
AYI,Acuity Inc.,,,9.66337107549875,0.04858928899212911,0.49312927385216543,0.040736626895864145,0.12488494108983798,0.0977086469644702,0.13880386410506892,0.018083143384348202,0.0,0.36860068259385664,1.2517700824853317,10.001333969373857,25.29188855582451,3.681149033447099,15.703851733116306,Unknown,
BBY,"Best Buy Co., Inc.",,,10.625322742178174,-0.020473317666676594,0.22677187744366248,0.009513306020155557,0.03480367465400206,0.07109671231458771,0.041894741830762305,0.016753157508115922,0.0,1.3943994601889338,1.1220711325893933,10.282990257549482,17.94785500467727,6.4730961538461536,9.457167835232253,ConsumerCyclical,
BF-B,Brown-Forman Corporation,,,9.592731766393962,-0.030380096481026464,0.6066411238825032,0.012243006955244664,0.2515274949083503,0.12291168199973133,0.23627075351213284,0.02247765006385696,0.0,0.6223880597014926,-0.1483236704724407,10.098259666027143,17.536932251748254,3.119130985074627,13.641580148148147,Unknown,
BWA,BorgWarner Inc.,,,10.156670276554127,0.004146916403419576,0.19471556051310654,0.016794185582979747,0.04351774238614138,0.2701159870640969,0.0865867261572783,0.03367261572783045,0.0,0.7454979786843072,1.0692925569064984,10.151341536196698,51.151899674079424,2.603652372238148,11.857731899940388,Unknown,
BR,"Broadridge Financial Solutions, Inc.",,,9.873715763680238,0.07194907250330496,0.31779638347956346,0.027552476067933308,0.20832441686282901,0.1171906090651561,0.1649101219773165,0.015059918681789,0.0,1.2383299302964164,0.5812368769751803,10.267955872360613,16.48441963888642,6.5244782792367815,11.40035441571436,Unknown,
CARR,Carrier Global Corporation,,,10.344549455909737,0.0712321823374904,0.2434412882214583,0.02118814380647164,0.10373844668230099,0.08447553109861755,0.08720825040709246,0.020761715216211327,0.0,0.8874963778614894,1.0755162302339143,10.662821393825046,31.001841594285715,3.3328551815357867,16.063097146152973,Conglomerate,
CE,Celanese Corporation,,,9.987308673731182,-0.06538097497020323,0.2090197693574959,0.060282639367404536,-0.05437971500419111,3.0,0.0728995057660626,0.02841845140032949,0.0,3.1943689799950605,-0.49545761530989735,9.680649384458588,0.0,1.1838634366707828,61.664655637003754,Unknown,
CB,Chubb Limited,,,10.794327683619487,0.09536999561196602,0.0,0.0,0.23096867002325075,0.049291652324388695,0.24689692823996018,0.0,0.0,0.2335642718657212,-0.012724195871998547,11.137307551689403,13.306041891546071,1.8599630123492008,10.783208725057765,Insurance,
COG,COG (Synthetic Demo),Technology,Consumer Electronics,11.583521823312012,0.02359691836285105,0.6,0.0,0.2982141226502472,0.008990837819635502,0.2594909792973897,0.028918428845376157,0.010261293815307148,1.7419354838709677,1.28,12.438320794186449,29.5,45.2,23.8,Commodity,
CHRW,"C.H. Robinson Worldwide, Inc.",,,10.209487052584178,-0.03953005283807964,0.08287490361262148,0.10478468129681437,0.04897262406898936,0.20900012090938638,0.049824812795046004,0.004288979839874876,0.0,0.7560416482675181,1.0332505832496093,10.263552362626642,31.25031053636551,9.940396814775523,21.81046622832568,Unknown,
CDW,CDW Corporation,,,10.371075254455326,0.0242224486172411,0.21360061956392232,0.003697666781258874,0.0737956038369433,0.028877538750524418,0.036603632278599516,0.005174380010553012,0.0,2.2207896857373086,0.9402525829632362,10.256736863170957,16.93305362835177,6.9302002992978,11.910220980311731,Unknown,
CLX,The Clorox Company,,,9.827369273053826,-0.02664860284812054,0.4232142857142857,0.028627591370859753,0.13705357142857144,0.3252370772398452,0.060267857142857144,0.03080357142857143,0.0,20.0,0.26097535817474427,9.998100938957224,16.961444580954,100.0,13.127883535119864,Conglomerate,
CTLT,CTLT (Synthetic Demo),Technology,Consumer Electronics,11.583521823312012,0.02359691836285105,0.6,0.0,0.2982141226502472,0.008990837819635502,0.2594909792973897,0.028918428845376157,0.010261293815307148,1.7419354838709677,1.28,12.438320794186449,29.5,45.2,23.8,Unknown,
CSGP,"CoStar Group, Inc.",,,9.550900682976286,0.15004648803584653,0.786837294332724,0.005874869601140457,-0.02217431475207884,1.8965288216155292,0.06384474757418085,0.07593868654197722,0.0,0.14206863450923926,0.49041219588201596,10.046676647456486,200.0,1.3360513534917207,55.94582188481675,REIT,
COO,"The Cooper Companies, Inc.",,,9.627048213833254,0.0672062070086823,0.6592791899738016,0.007561467432285981,0.16286286775486264,0.08732176598410604,0.16002265807547972,0.08385848143689963,0.0,0.30408185558751777,0.3852301271078993,10.050095496213517,29.93505468124833,1.3621541710665257,13.044690104416132,Unknown,
CTSH,Cognizant Technology Solutions Corporation,,,10.335297392702007,0.044357991755422654,0.33439608169300433,0.010478206648500047,0.1665719158612848,0.055835391629114293,0.12004435819240367,0.014739857684132706,0.0,0.07672327672327672,0.6889493505095727,10.473947880447477,13.354973094170402,1.9834558774558775,7.140332021642893,MatureTech,
CSX,CSX Corporation,,,10.16172726971602,-0.019463480535991118,0.3528114663726571,0.05216060576578194,0.32734885041158096,0.06755107274215895,0.19266813671444322,0.17406284454244764,0.0,1.4710756366400608,1.1381523750232505,10.991183441835473,33.918442367601244,7.44890763968073,18.54002542507548,Unknown,
DHI,"D.R. Horton, Inc.",,,10.523094536018286,-0.017209366410820603,0.22611462103334642,0.046066976105575655,0.12917221404713522,0.11818028772462966,0.09601827891537906,0.004509758649950974,0.0,0.2493179112375157,1.222521362890555,10.666832899307662,12.951483349603928,1.91950766027019,10.933456657827865,ConsumerCyclical,
CTAS,Cintas Corporation,,,10.051721981902524,0.08343273915901661,0.5066945494893322,0.015275949936651706,0.23183971679470164,0.030068415601830063,0.16699644138033642,0.035074423682846,0.0,0.5264623521878983,0.8253897752105328,10.89512051701891,39.27330678682859,15.281533782326344,25.912370862800515,Unknown,
DVA,DaVita Inc.,,,10.14642716153924,0.06009323988220072,0.32357077402241285,0.018225703348067553,0.14122548233099166,0.07574150823405891,0.11490682919468487,0.0416392391356641,0.0,0.0,0.612710532535778,10.208321521660743,21.63293611568245,0.0,10.731413188085071,MatureTech,
DOV,Dover Corporation,,,9.925341181034643,0.026209734268299645,0.39583429328486786,0.026381602877301097,0.1833810293416023,0.17389158052126105,0.13914459886534916,0.02597569473968727,0.0,0.48274187105665933,0.8871276924836754,10.423236132842426,24.223465678372804,3.5784832480892494,15.237918749587493,Conglomerate,
EA,Electronic Arts Inc,,,9.894648303793517,-0.0020518272933097714,0.7987509559010961,0.010716740976409326,0.16372327712123222,0.1328214233871097,0.262554167728779,0.029824114198317615,0.0,0.22885866351271436,0.0,10.7577610775061,64.5412626832018,8.463645771732702,35.94607969151671,MatureTech,
DXC,DXC Technology Company,,,10.101884487167542,-0.0381537715841086,0.23971844353052832,0.028406588913360918,0.04223347042075293,0.35189609019096124,0.06477380575767162,0.03392913634925657,0.0,1.4440666439986398,0.2978481614736802,9.377205367718153,132.41368216666666,0.8104203600816048,2.8516586707459206,Unknown,
EBAY,eBay Inc.,,,10.079470679235214,0.047714510829420353,0.7248500999333778,0.003530493449332842,0.23,0.2520274263771315,0.2021985343104597,0.05063291139240506,0.0,1.5557963163596966,0.8936351801596161,10.758530393145769,28.237124569177748,12.426782231852656,21.169797297297297,Unknown,
ENPH,"Enphase Energy, Inc.",,,9.123362212557595,-0.1981245785195681,0.46945883408530814,0.009568982759625535,0.14211617905138205,0.3486391243675863,0.11488654138270021,0.0391900049830561,0.0,1.1155127352411127,1.6334991022482925,9.659600606125169,26.529952246228206,4.201088909802277,18.294193634043726,Unknown,
ECL,Ecolab Inc.,,,10.226406556024717,0.024535495124735185,0.4411399732818762,0.04215456121701531,0.17748053627838717,0.12544490088092242,0.11129582900400772,0.07019741724803324,0.0,0.9208560199778933,0.5639743380659742,10.891357068141213,37.51573039121218,7.96942420272649,22.50853674455032,Unknown,
EG,"Everest Group, Ltd.",,,10.215769708417643,0.09105625934776929,0.0,0.0,0.11836450226507143,0.20654794934523282,0.12169151201703682,0.0,0.0,0.23214747736093144,0.19314106252360627,10.158343099207283,9.050507228158391,0.9313943725743854,0.0,Unknown,
EW,Edwards Lifesciences Corporation,,,9.81373439884422,0.10049888886414493,0.7783885877493358,0.012726517387842435,0.21314852660030323,0.12768774912146869,0.22013727868802113,0.044024384626015385,0.0,0.06823634112366507,0.7304168669558087,10.714302468761543,48.250344666977185,5.010519366197184,34.18452651907028,SaaS,
EQT,EQT Corporation,,,9.976762431634477,0.2835821621391963,0.5068167542603131,0.5260244722978188,0.40897261498174897,0.42075244757677555,0.396490536236003,0.2624551666747899,0.0,0.33084489802980943,0.024331973411887572,10.263168665638565,8.988740309535823,0.7717135087552447,4.334308693226288,Commodity,
FDS,FactSet Research Systems Inc.,,,9.387115457806013,0.055119404134539085,0.5138249197546483,0.01033024569665011,0.334783103075786,0.029138213771150865,0.29047320459355686,0.04973837985383392,0.0,0.712815465330658,0.5833900663064004,10.005176439729397,16.950129130376524,4.628542318400046,11.740467305412778,MatureTech,
EXPD,"Expeditors International of Washington, Inc.",,,10.080482251233953,0.09096376834795761,0.12881810754102566,0.021472121374022678,0.09508945200062627,0.02487892365586598,0.07675837873739137,0.004044283143189906,0.0,0.24222321558578946,0.5913842028219874,10.472765560778354,36.652412973941544,12.608340564935201,26.1034305945561,Unknown,
FTV,Fortive Corporation,,,9.63506131068443,0.030848441411084337,0.6323045553547431,0.005960621414560687,0.17376355461518117,0.0816012852677926,0.24359330830900414,0.0026182862968626907,0.0,0.5123810704434871,0.9566145968403995,10.307092855493666,35.01582009668508,3.14270973440357,20.005397741963286,MatureTech,
GEN,Gen Digital Inc.,,,9.705778212828598,0.14707866935280878,0.780074817877535,0.012420540407747394,0.416,0.15013019858125612,0.3047844063792085,0.0043315613309706635,0.0,3.163538873994638,1.5148833085815272,10.148405203344678,14.464131551901335,5.390118728456529,8.523746599300427,SaaS,
FDX,FedEx Corporation,,,10.976441689378845,0.03929390622705542,0.21771537162162163,0.0035715260417060572,0.07139991554054054,0.0256856963814141,0.054011824324324324,0.04021326013513513,0.0,1.3569374664265175,1.1918911242863262,10.862934365194082,16.452679356444847,2.3046332223313426,9.213683757376932,Unknown,
GEHC,GE HealthCare Technologies Inc.,,,10.327706231071694,0.02707316985484498,0.3953072835848968,0.01768894899134452,0.15553939393939398,0.023982908872534438,0.07424648516480933,0.02454506982649175,0.0,1.0080932652471337,0.8472930682084553,10.465199278618595,14.00559500959693,2.8121842181327685,9.28649234020074,MatureTech,
GDDY,GoDaddy Inc.,,,9.707919174534178,0.0788150632596929,0.6380164965419957,0.005714835175863981,0.23651309809941226,0.21506660833127583,0.33363374542034835,0.005074351991536216,0.0,17.95722919572292,0.7690042183737358,10.174751983172634,17.090073485714285,69.52028963272895,13.774086905871389,Unknown,
GEV,GE Vernova Inc.,,,10.616654026317603,0.0701780906195788,0.20214180385331304,0.12572589019991823,0.0364873384469896,0.9440416305958454,0.3006744506490681,0.04111973312060338,0.0,0.10484881016281983,1.105198797311032,11.432950631179564,55.48492149674448,24.243009177858294,100.0,Unknown,
GPN,Global Payments Inc.,,,10.009914561394647,0.02185491737019918,0.6390136876293689,0.009921698266159665,0.24783184992028165,0.14326630810725074,0.08041498137459233,0.08161751287787791,0.0,0.9552885046188814,0.9844089143964161,10.314296182630267,14.727700902402459,0.9008941865396245,10.27004619276367,Bank,
GPC,Genuine Parts Company,,,10.399180976336572,0.025856687003618317,0.36903587645879565,0.01000462853092789,0.008875421751668026,0.6105757936651864,0.030287491736645755,0.017007612377030877,0.0,1.4775587379671358,0.5564186774513257,10.253663008818451,200.0,4.0545900768868846,31.83171144207818,Unknown,
GWW,"W.W. Grainger, Inc.",,,10.275196141785624,0.043477711168545596,0.39395065003979834,0.003986346800418351,0.13995095307100658,0.05114299127695947,0.08012735473600424,0.03528787476784293,0.0,0.7660599571734475,0.699653193487632,10.80850245578728,37.71580910720985,17.2224760002409,24.094094154394213,Unknown,
HCA,"HCA Healthcare, Inc.",,,10.892166979072933,0.07872600637189198,0.425800828067117,0.021560785413808473,0.15978835978835979,0.03299420831661306,0.07687180341737916,0.06571981592811454,0.0,0.0,0.1323139847974593,11.073184946878076,17.446130133696933,0.0,10.639719722296995,MatureTech,
HAS,"Hasbro, Inc.",,,9.696635924977212,-0.030649785832223886,0.6441124426928336,0.05498354308817634,0.01306021738668028,3.0,0.2184508968068849,0.04057749537521113,0.0,6.119777158774373,0.36304634220719095,10.092463387859452,0.0,22.976172344698238,63.9964280516545,Unknown,
HPE,Hewlett Packard Enterprise Company,,,10.621913333217377,0.08496124162559737,0.3673186692460175,0.060959789521176096,0.047935619314205744,0.23319495089373862,0.09925724248286404,0.06061474528910224,0.0,0.975251134154245,1.6762954830958148,10.948470329943458,200.0,3.59736430654569,24.450063912348778,MatureTech,
HSIC,"Henry Schein, Inc.",,,10.13360277051016,0.03367405345611463,0.31318923687692984,0.0074592899860663146,0.05180521844660194,0.00846207535713308,0.03771504190560212,0.01374797823849434,0.0,1.058859784283513,0.845555464635738,10.048697111786534,28.106970620502512,3.447326442822804,15.006819820497924,Unknown,
IPG,IPG (Synthetic Demo),Technology,Consumer Electronics,11.583521823312012,0.02359691836285105,0.6,0.0,0.2982141226502472,0.008990837819635502,0.2594909792973897,0.028918428845376157,0.010261293815307148,1.7419354838709677,1.28,12.438320794186449,29.5,45.2,23.8,Unknown,
HSY,The Hershey Company,,,10.085073269573652,0.02335400275755184,0.38377373989552044,0.14282259092201263,0.12307074163982344,0.25478749134592243,0.1831776652116523,0.03522172800987051,0.0,1.2376287270178465,-0.10872738672853996,10.516314508629787,37.172899473687785,7.081101637187685,19.378042593087507,Conglomerate,
IFF,International Flavors & Fragrances Inc.,,,9.999043499603163,-0.0259933726181254,0.3752254960914011,0.05397912572851736,-0.01680440771349862,2.0160795825030675,0.05371817999599118,0.06263780316696733,0.0,0.46764165606895575,0.33482339049810766,10.32251907614374,0.0,1.484704021510527,34.71566202883184,Unknown,
IT,"Gartner, Inc.",,,9.81047621923384,0.048774498809573075,0.69629585622683,0.004469517825903177,0.1682864348569682,0.14673310443305654,0.19941500328143985,0.014492020423211368,0.0,10.465352538854921,0.9930503386357441,10.165282107187519,20.063975309881233,45.735876499493614,12.566013384205352,Unknown,
JNPR,JNPR (Synthetic Demo),Technology,Consumer Electronics,11.583521823312012,0.02359691836285105,0.6,0.0,0.2982141226502472,0.008990837819635502,0.2594909792973897,0.028918428845376157,0.010261293815307148,1.7419354838709677,1.28,12.438320794186449,29.5,45.2,23.8,Unknown,
IVZ,Invesco Ltd.,,,9.839006415311301,0.05621008113815407,0.3577544367982615,0.023882425380433947,-0.04655721252606984,3.0,0.2782614994567186,0.01276349148859109,0.0,0.7999754721609026,1.6034289101239974,10.144392606534053,0.0,1.1400676968359087,14.164029957668513,Unknown,
IP,International Paper Company,,,10.383869200802545,0.21411889875152657,0.2976903689625253,0.02472713917190193,-0.11919268849961918,3.0,0.02032805850514399,0.08903854894021403,0.0,0.6958251837863357,0.593664297553202,10.049182773589381,0.0,0.7553173939434814,100.0,Unknown,
J,Jacobs Solutions Inc.,,,10.152875651509058,0.05289632582023729,0.22067032387720956,0.005777001831210179,0.057296544750640964,0.1569342083026969,0.045329081434588234,0.006420818137933906,0.0,0.7443011947625897,0.6447141928201476,10.245214722696803,60.78721544045677,4.830777837627757,20.566999913340045,Unknown,
JBHT,"J.B. Hunt Transport Services, Inc.",,,10.10384851595053,-0.03291063875382416,0.13186938985033828,0.011224617296703687,0.07244862446304288,0.048764475117619575,0.08658335242585213,0.039017313962103124,0.0,0.4114339489801786,1.4351176138736468,10.385547292481403,40.610782314025826,6.815181142777802,16.252865542455254,Unknown,
JCI,Johnson Controls International plc,,,10.397853141088609,0.027933708690488723,0.3665133026605321,0.018058318861007297,0.09306662146126464,0.1668837787641143,0.06637327465493098,0.014922984596919384,0.0,0.7642917923725536,0.8868855299986191,11.031820275159907,32.695831975788515,8.323817052086332,38.256446596641624,Unknown,
LDOS,"Leidos Holdings, Inc.",,,10.246350836456257,0.05472735775497317,0.1779516842463423,0.08823028794667197,0.12297659252358216,0.401573402700539,0.12266076896903709,0.007769082454349552,0.0,1.0648901545972336,0.377989923805574,10.207644598632557,11.139765193370165,3.2812001627339296,8.433547044129892,Conglomerate,
KEYS,"Keysight Technologies, Inc.",,,9.818357877958356,-0.008177653701096355,0.6469158310543908,0.01683679981101984,0.21916279069767441,0.13212931533162794,0.2231844424187177,0.020510483135824976,0.0,0.4723686447883013,1.142275616849127,10.836692666434839,80.7744,11.674585954769597,47.84266850068776,MatureTech,
LVS,Las Vegas Sands Corp.,,,10.137322456100344,0.1202738495023905,0.4851665573292514,0.008915817424330027,0.22731812245525082,0.03887904229330584,0.1968073474743057,0.07522414170129019,0.0,9.927044025157233,0.9983729127488999,10.442161692610227,17.012735095267363,17.40862893081761,8.80700600133363,ConsumerCyclical,
LEN,Lennar Corporation,,,10.515041995938718,-0.0006783988909060401,0.08147633726550212,0.22211999822244435,0.0804519937353844,0.26342195605818153,0.021894732404859483,0.005077337777610113,0.0,0.26753875114261916,1.5000020101491907,10.364170850025136,11.129813783196733,1.0532950523299411,8.752482575639137,ConsumerCyclical,
LIN,Linde plc,,,10.54960398844412,0.01708184019459269,0.483483314056814,0.017891124682271494,0.27543694462425705,0.03375115231539102,0.14034246382126436,0.15554740613275408,0.0,0.7339260033991372,0.3448052442957312,11.373139364684254,34.23073108059727,6.173972623714472,19.745244056229808,Unknown,
LKQ,LKQ Corporation,,,10.136339996533044,0.014292318059116349,0.38340151957919344,0.019403408272150247,0.0750128195736576,0.14954727437644494,0.0456604324956166,0.014611338398597311,0.0,0.7742083524552547,0.9535189203374979,9.78493380575699,10.040263591433279,0.9322992198256081,7.514868238557559,Unknown,
MAS,Masco Corporation,,,9.881954971339601,-0.025748848144932834,0.3695538057742782,0.00883175299874946,0.16344882306268183,0.01961535892488556,0.14776902887139107,0.021653543307086614,0.0,0.0,1.4997490580461355,10.18756324577253,19.014207407407408,0.0,12.983748554913294,Unknown,
MCO,Moody's Corporation,,,9.911690158753862,0.14218987088374457,0.7497549019607843,0.016752030892419695,0.44195387406063746,0.06212505789553477,0.3636029411764706,0.043137254901960784,0.0,1.8132708436112481,1.0097390238313853,10.907718226927187,32.88211154030094,19.94502029541194,22.05708359742997,Bank,
MHK,"Mohawk Industries, Inc.",,,10.048352449340275,-0.015827858645371062,0.2428138167959419,0.015427941722092183,0.04510727464906262,1.39074966232723,0.07259990874687995,0.04126967086252091,0.0,0.2934685249543191,1.2999584876171426,9.904787630016628,21.712173398215732,0.9591598222922861,8.456266297954526,Unknown,
MNST,Monster Beverage Corporation,,,9.964681742191269,0.07780717023608874,0.5554644148426351,0.02072333571958242,0.29168723791625206,0.05073327927848892,0.22578413434232683,0.017059198460216102,0.0,0.21017861651434655,0.533710881263953,10.952842057265187,47.08131699268197,10.868557571575268,35.266060592905106,Unknown,
NVR,"NVR, Inc.",,,9.979854685541595,0.041456635618843274,0.22132518450556532,0.05180049808676731,0.173157400831283,0.07562670031874291,0.10961039962265617,0.002112660344153407,0.0,0.2724265686624825,0.6814614982093405,10.285417807465437,14.400336734335164,4.992097160874017,10.152835386582876,Unknown,
NDSN,Nordson Corporation,,,9.474186387085915,0.030548574344224866,0.5528561528561529,0.008411396017940914,0.25139064658752935,0.010632505013821259,0.24297409721138535,0.01656858944994538,0.0,0.6874681090074783,1.0631163332685853,10.279867689046434,39.31852470927233,6.2587016829901465,24.676818803111953,Unknown,
NTAP,"NetApp, Inc.",,,9.868703202278537,0.05110328883675663,0.7062643755919361,0.003624971311034113,0.2537184115523466,0.07937356921805154,0.22324448653768098,0.033419023136246784,0.0,2.0229459659511475,1.6847525384179263,10.680962837781701,37.593448275862066,35.50646928201333,24.850403679100665,Unknown,
NSC,Norfolk Southern Corporation,,,10.098297536494698,0.000986680062421641,0.35526315789473684,0.013662643216209686,0.365927750410509,0.15585263198830712,0.13006379585326955,0.1675438596491228,0.0,1.1130764777770632,1.1470411390466753,10.85974202840775,25.200340124469196,4.65688410481765,15.07274823548718,Unknown,
ODFL,"Old Dominion Freight Line, Inc.",,,9.748382407832619,-0.03202960470457694,0.3363513869772943,0.028524121129922694,0.24772700767722228,0.05150442191090887,0.1989769936922881,0.04985839375122601,0.0,0.009277307166200772,1.1794196996276602,10.599730592082635,38.86481601230044,9.228833844284592,23.000664861011586,Unknown,
OKE,"ONEOK, Inc.",,,10.595121288140943,0.3792808155892444,0.23324696438551035,0.10686642011480989,0.18653543072942996,0.13065568737403396,0.07382004775694762,0.0825839556978103,0.0,1.459461863464532,0.2886032932348124,10.594350830855722,11.581557593716475,1.7476639944620858,9.250574664887633,Utilities,
MTD,Mettler-Toledo International Inc.,,,9.61635734030506,0.030945498998331322,0.6025641800973662,0.006399239349206525,0.27752440828641173,0.016180648570398696,0.20899736929636237,0.02689921683650328,0.0,0.0,0.8091689321324459,10.517232511598891,37.854393426672786,0.0,28.147305532841425,Unknown,
ORLY,"O'Reilly Automotive, Inc.",,,10.268871816810096,0.06045774716760999,0.5163568171154846,0.003380840487857714,0.19543564073136463,0.017340319963782765,0.11609916822461004,0.061013660904726014,0.0,0.0,0.3245242695819737,10.899857842180673,31.284589623431327,0.0,22.000577690635687,ConsumerCyclical,
PHM,"PulteGroup, Inc.",,,10.215031189815162,0.03819498484623818,0.25150197390443,0.04725171478860571,0.16820320618938833,0.11974243632557363,0.09218236083016865,0.006940602944729457,0.0,0.17686567773357273,0.9697408711230803,10.417247670158224,11.779943692287931,2.012755088998126,8.746209444345435,ConsumerCyclical,
PKG,Packaging Corporation of America,,,9.979307032946341,0.07336846448725431,0.20107606951451015,0.01467840316007016,0.12313528305874762,0.04329025712183961,0.0778629637010079,0.09247275740191091,0.0,0.9493040452370596,0.677191923523028,10.311754666088682,26.482415708564783,4.458468464549804,13.829594817298403,Unknown,
PNR,Pentair plc,,,9.603339274033965,0.008672347683992276,0.4134802333117304,0.03671044697967175,0.19777298850574712,0.044674657552856864,0.1677551223889526,0.019567276534224038,0.0,0.45639925566008477,0.8295849871971538,9.94080088790951,13.346149078143164,2.25517219768686,11.011034619849513,Unknown,
NWS,News Corporation,,,9.955591550405725,0.04596262314482158,0.0,0.0,0.12649534780682323,0.10719824036108078,0.08983163491360213,0.04718653079308817,0.0,0.34189537884119164,0.9281731635089644,10.25773923212805,31.5925448104712,2.1232146582688247,11.63031848580209,MatureTech,
PODD,Insulet Corporation,,,9.484797924331884,0.2632189494283257,0.7107908956934665,0.01924173426473992,0.14729884420811637,0.0551384936848086,0.08698215162927787,0.08043229081382021,0.0,0.6264106117600475,0.4326468581158521,9.96160812095646,37.045492729016594,6.041009208301987,19.184633667157165,SaaS,
QRVO,"Qorvo, Inc.",,,9.561642006133686,-0.012142812040137119,0.4821653467905636,0.06384871556305614,0.1281513718707838,0.6201989013192428,0.1782142792466746,0.031738213993887834,0.0,0.4632223374764039,1.3541106885669314,10.051644688243522,33.22454808268115,3.3677480183440536,15.798526198016887,Semiconductor,
PRGO,Perrigo Company plc,,,9.617514057209073,-0.04420453124588353,0.3326256363241574,0.011884513819522989,-0.2669582187110578,2.030764949795337,0.028782359043643995,0.018528794422060846,0.0,1.2400613183444047,0.8127992549496978,9.283487121238833,0.0,0.6543423607562596,0.0,Unknown,
RHI,Robert Half Inc.,,,9.723734713040773,-0.08273487240969479,0.3679544338232516,0.032161506046672325,0.014216029507078733,0.5572985217545217,0.040628140703517585,0.007789511467109986,0.0,0.19244946729923496,0.8364549835963826,9.589957388162658,29.250844031581316,3.0489856996199416,23.222483491748214,Unknown,
ROG,Rogers Corporation,,,8.921582440393417,-0.055246940019933244,0.3243890752275994,0.027990011666992335,-0.05414405525407005,2.1996481557717975,0.09918543363679923,0.027791087685673215,0.0,0.01823199799280756,1.1269680436367804,9.47302542386794,0.0,2.485439491511249,100.0,Unknown,
ROST,"Ross Stores, Inc.",,,10.389375168977036,0.05663877087016056,0.2966845190222276,0.006562449205580099,0.12659464763041647,0.028853215873015748,0.11383032774666306,0.03550890065265714,0.0,0.842405820950593,0.5957678589531032,10.893943487754116,36.51802509412394,12.659958341434418,23.292801164777003,ConsumerCyclical,
RJF,"Raymond James Financial, Inc.",,,10.176091259055681,0.09864043831282587,0.0,0.0,0.0,0.0,0.09613333333333333,0.013133333333333334,0.0,0.33751899544109415,1.0085510562895068,10.53191981327461,15.941233894065574,2.7221094428401185,0.0,Unknown,
RSG,"Republic Services, Inc.",,,10.227629649571009,0.0529261725740382,0.42001184132622854,0.018214024172980545,0.1909468989211018,0.023322967322958424,0.1570751924215512,0.1118413262285376,0.0,1.1535762032085561,0.047392071403612325,10.821132885615489,30.96863768115942,5.534919451871658,15.693076138147566,Unknown,
SHW,The Sherwin-Williams Company,,,10.387573116883143,0.011267475198245114,0.489817822804308,0.01979512893351538,0.16132822607670216,0.03678712579371821,0.13163295821845697,0.027590812075230536,0.0,2.8146488919818196,0.8381677414622827,10.91757624306622,32.203025283430016,17.98783690504969,21.305075877879958,Unknown,
SNA,Snap-on Incorporated,,,9.722214230820944,0.004667766198998224,0.5182467914083679,0.005519249949263459,0.26888539787824123,0.015957591553345845,0.21014616390832053,0.014730137064209748,0.0,0.21779223844364273,0.5167876186334053,10.291205665440652,19.227703571639296,3.296242584375737,12.943667426762746,Unknown,
STZ,"Constellation Brands, Inc.",,,9.956969982129154,-0.042187656618892344,0.5261850342840108,0.013817056488258183,0.2997483313272787,0.5945545307766638,0.20252409818145684,0.09489107511566022,0.0,1.386048698406414,0.15587422569807957,10.315555450008892,12.260766033728583,2.5586749070931902,10.063150017127386,Unknown,
STX,Seagate Technology Holdings plc,,,10.08618180464975,0.36438552296968796,0.45576055760557604,0.26026090989052003,0.32587125871258715,0.3954851682855778,0.25461254612546125,0.046658466584665846,0.0,1.7803414859252422,3.5385817692808073,11.245689090203904,55.29884126105214,81.25127391563913,41.935414252985886,Conglomerate,
TDG,TransDigm Group Incorporated,,,10.000303899784813,0.15804931157899982,0.5956830218846807,0.012808550365172578,0.47571056505492015,0.0383284675092624,0.19256520435695013,0.027081043269711204,0.0,0.0,0.5146623168233618,10.772865681684161,28.57965156098361,0.0,18.93524460102452,Conglomerate,
